id,departmentId,departmentName,branch,subBranch,team,roleLevel,roleTier,title,fullTitle,isCeo,hierarchyPath
POS-0001,DEP-01,ADMINISTRATION,Executive Administration,Executive Office Support,Executive Office Support,Associate,ENTRY,Executive Assistant,Associate - Executive Assistant,False,ADMINISTRATION > Executive Administration > Executive Office Support > Executive Office Support > Associate > Executive Assistant
POS-0002,DEP-01,ADMINISTRATION,Executive Administration,Executive Office Support,Executive Office Support,Lead,MID,Senior Executive Assistant,Lead - Senior Executive Assistant,False,ADMINISTRATION > Executive Administration > Executive Office Support > Executive Office Support > Lead > Senior Executive Assistant
POS-0003,DEP-01,ADMINISTRATION,Executive Administration,Executive Office Support,Executive Office Support,Manager,SENIOR,Executive Business Partner,Manager - Executive Business Partner,False,ADMINISTRATION > Executive Administration > Executive Office Support > Executive Office Support > Manager > Executive Business Partner
POS-0004,DEP-01,ADMINISTRATION,Executive Administration,Leadership Support,Leadership Support,Associate,ENTRY,Administrative Coordinator,Associate - Administrative Coordinator,False,ADMINISTRATION > Executive Administration > Leadership Support > Leadership Support > Associate > Administrative Coordinator
POS-0005,DEP-01,ADMINISTRATION,Executive Administration,Leadership Support,Leadership Support,Lead,MID,Senior Administrative Coordinator,Lead - Senior Administrative Coordinator,False,ADMINISTRATION > Executive Administration > Leadership Support > Leadership Support > Lead > Senior Administrative Coordinator
POS-0006,DEP-01,ADMINISTRATION,Executive Administration,Leadership Support,Leadership Support,Manager,SENIOR,Executive Operations Manager,Manager - Executive Operations Manager,False,ADMINISTRATION > Executive Administration > Leadership Support > Leadership Support > Manager > Executive Operations Manager
POS-0007,DEP-01,ADMINISTRATION,Business Support,Office Support,Office Support,Associate,ENTRY,Office Assistant,Associate - Office Assistant,False,ADMINISTRATION > Business Support > Office Support > Office Support > Associate > Office Assistant
POS-0008,DEP-01,ADMINISTRATION,Business Support,Office Support,Office Support,Lead,MID,Office Coordinator,Lead - Office Coordinator,False,ADMINISTRATION > Business Support > Office Support > Office Support > Lead > Office Coordinator
POS-0009,DEP-01,ADMINISTRATION,Business Support,Office Support,Office Support,Manager,SENIOR,Senior Office Coordinator,Manager - Senior Office Coordinator,False,ADMINISTRATION > Business Support > Office Support > Office Support > Manager > Senior Office Coordinator
POS-0010,DEP-01,ADMINISTRATION,Business Support,Business Administration,Business Administration,Associate,ENTRY,Business Administrator,Associate - Business Administrator,False,ADMINISTRATION > Business Support > Business Administration > Business Administration > Associate > Business Administrator
POS-0011,DEP-01,ADMINISTRATION,Business Support,Business Administration,Business Administration,Lead,MID,Senior Business Administrator,Lead - Senior Business Administrator,False,ADMINISTRATION > Business Support > Business Administration > Business Administration > Lead > Senior Business Administrator
POS-0012,DEP-01,ADMINISTRATION,Business Support,Business Administration,Business Administration,Manager,SENIOR,Business Operations Manager,Manager - Business Operations Manager,False,ADMINISTRATION > Business Support > Business Administration > Business Administration > Manager > Business Operations Manager
POS-0013,DEP-01,ADMINISTRATION,Scheduling,Scheduling,Scheduling,Associate,ENTRY,Scheduling Coordinator,Associate - Scheduling Coordinator,False,ADMINISTRATION > Scheduling > Scheduling > Scheduling > Associate > Scheduling Coordinator
POS-0014,DEP-01,ADMINISTRATION,Scheduling,Scheduling,Scheduling,Manager,SENIOR,Senior Scheduling Coordinator,Manager - Senior Scheduling Coordinator,False,ADMINISTRATION > Scheduling > Scheduling > Scheduling > Manager > Senior Scheduling Coordinator
POS-0015,DEP-01,ADMINISTRATION,Administrative Services,Administrative Services,Administrative Services,Associate,ENTRY,Administrative Specialist,Associate - Administrative Specialist,False,ADMINISTRATION > Administrative Services > Administrative Services > Administrative Services > Associate > Administrative Specialist
POS-0016,DEP-01,ADMINISTRATION,Administrative Services,Administrative Services,Administrative Services,Manager,SENIOR,Administrative Services Manager,Manager - Administrative Services Manager,False,ADMINISTRATION > Administrative Services > Administrative Services > Administrative Services > Manager > Administrative Services Manager
POS-0017,DEP-02,ANALYTICS,Business Analytics,Business Intelligence,Business Intelligence,Associate,ENTRY,BI Analyst,Associate - BI Analyst,False,ANALYTICS > Business Analytics > Business Intelligence > Business Intelligence > Associate > BI Analyst
POS-0018,DEP-02,ANALYTICS,Business Analytics,Business Intelligence,Business Intelligence,Lead,MID,Senior BI Analyst,Lead - Senior BI Analyst,False,ANALYTICS > Business Analytics > Business Intelligence > Business Intelligence > Lead > Senior BI Analyst
POS-0019,DEP-02,ANALYTICS,Business Analytics,Business Intelligence,Business Intelligence,Manager,SENIOR,Principal BI Analyst,Manager - Principal BI Analyst,False,ANALYTICS > Business Analytics > Business Intelligence > Business Intelligence > Manager > Principal BI Analyst
POS-0020,DEP-02,ANALYTICS,Business Analytics,Business Performance,Business Performance,Associate,ENTRY,Business Analyst,Associate - Business Analyst,False,ANALYTICS > Business Analytics > Business Performance > Business Performance > Associate > Business Analyst
POS-0021,DEP-02,ANALYTICS,Business Analytics,Business Performance,Business Performance,Lead,MID,Senior Business Analyst,Lead - Senior Business Analyst,False,ANALYTICS > Business Analytics > Business Performance > Business Performance > Lead > Senior Business Analyst
POS-0022,DEP-02,ANALYTICS,Business Analytics,Business Performance,Business Performance,Manager,SENIOR,Principal Business Analyst,Manager - Principal Business Analyst,False,ANALYTICS > Business Analytics > Business Performance > Business Performance > Manager > Principal Business Analyst
POS-0023,DEP-02,ANALYTICS,Data Analytics,Product Analytics,Product Analytics,Associate,ENTRY,Data Analyst,Associate - Data Analyst,False,ANALYTICS > Data Analytics > Product Analytics > Product Analytics > Associate > Data Analyst
POS-0024,DEP-02,ANALYTICS,Data Analytics,Product Analytics,Product Analytics,Lead,MID,Senior Data Analyst,Lead - Senior Data Analyst,False,ANALYTICS > Data Analytics > Product Analytics > Product Analytics > Lead > Senior Data Analyst
POS-0025,DEP-02,ANALYTICS,Data Analytics,Product Analytics,Product Analytics,Manager,SENIOR,Principal Data Analyst,Manager - Principal Data Analyst,False,ANALYTICS > Data Analytics > Product Analytics > Product Analytics > Manager > Principal Data Analyst
POS-0026,DEP-02,ANALYTICS,Data Analytics,Operations Analytics,Operations Analytics,Associate,ENTRY,Operations Analyst,Associate - Operations Analyst,False,ANALYTICS > Data Analytics > Operations Analytics > Operations Analytics > Associate > Operations Analyst
POS-0027,DEP-02,ANALYTICS,Data Analytics,Operations Analytics,Operations Analytics,Lead,MID,Senior Operations Analyst,Lead - Senior Operations Analyst,False,ANALYTICS > Data Analytics > Operations Analytics > Operations Analytics > Lead > Senior Operations Analyst
POS-0028,DEP-02,ANALYTICS,Data Analytics,Operations Analytics,Operations Analytics,Manager,SENIOR,Principal Operations Analyst,Manager - Principal Operations Analyst,False,ANALYTICS > Data Analytics > Operations Analytics > Operations Analytics > Manager > Principal Operations Analyst
POS-0029,DEP-02,ANALYTICS,Decision Analytics,Decision Analytics,Decision Analytics,Associate,ENTRY,Analytics Consultant,Associate - Analytics Consultant,False,ANALYTICS > Decision Analytics > Decision Analytics > Decision Analytics > Associate > Analytics Consultant
POS-0030,DEP-02,ANALYTICS,Decision Analytics,Decision Analytics,Decision Analytics,Lead,MID,Senior Analytics Consultant,Lead - Senior Analytics Consultant,False,ANALYTICS > Decision Analytics > Decision Analytics > Decision Analytics > Lead > Senior Analytics Consultant
POS-0031,DEP-02,ANALYTICS,Decision Analytics,Decision Analytics,Decision Analytics,Manager,SENIOR,Principal Analytics Consultant,Manager - Principal Analytics Consultant,False,ANALYTICS > Decision Analytics > Decision Analytics > Decision Analytics > Manager > Principal Analytics Consultant
POS-0032,DEP-02,ANALYTICS,Forecasting,Forecasting,Forecasting,Associate,ENTRY,Forecast Analyst,Associate - Forecast Analyst,False,ANALYTICS > Forecasting > Forecasting > Forecasting > Associate > Forecast Analyst
POS-0033,DEP-02,ANALYTICS,Forecasting,Forecasting,Forecasting,Manager,SENIOR,Senior Forecast Analyst,Manager - Senior Forecast Analyst,False,ANALYTICS > Forecasting > Forecasting > Forecasting > Manager > Senior Forecast Analyst
POS-0034,DEP-03,CONSULTING AND CUSTOMER SUPPORT,Consulting Services,Cloud Consulting,Cloud Consulting,Associate,ENTRY,Technology Consultant,Associate - Technology Consultant,False,CONSULTING AND CUSTOMER SUPPORT > Consulting Services > Cloud Consulting > Cloud Consulting > Associate > Technology Consultant
POS-0035,DEP-03,CONSULTING AND CUSTOMER SUPPORT,Consulting Services,Cloud Consulting,Cloud Consulting,Lead,MID,Senior Technology Consultant,Lead - Senior Technology Consultant,False,CONSULTING AND CUSTOMER SUPPORT > Consulting Services > Cloud Consulting > Cloud Consulting > Lead > Senior Technology Consultant
POS-0036,DEP-03,CONSULTING AND CUSTOMER SUPPORT,Consulting Services,Cloud Consulting,Cloud Consulting,Manager,SENIOR,Principal Technology Consultant,Manager - Principal Technology Consultant,False,CONSULTING AND CUSTOMER SUPPORT > Consulting Services > Cloud Consulting > Cloud Consulting > Manager > Principal Technology Consultant
POS-0037,DEP-03,CONSULTING AND CUSTOMER SUPPORT,Consulting Services,Digital Transformation,Digital Transformation,Associate,ENTRY,Transformation Consultant,Associate - Transformation Consultant,False,CONSULTING AND CUSTOMER SUPPORT > Consulting Services > Digital Transformation > Digital Transformation > Associate > Transformation Consultant
POS-0038,DEP-03,CONSULTING AND CUSTOMER SUPPORT,Consulting Services,Digital Transformation,Digital Transformation,Lead,MID,Senior Transformation Consultant,Lead - Senior Transformation Consultant,False,CONSULTING AND CUSTOMER SUPPORT > Consulting Services > Digital Transformation > Digital Transformation > Lead > Senior Transformation Consultant
POS-0039,DEP-03,CONSULTING AND CUSTOMER SUPPORT,Consulting Services,Digital Transformation,Digital Transformation,Manager,SENIOR,Principal Consultant,Manager - Principal Consultant,False,CONSULTING AND CUSTOMER SUPPORT > Consulting Services > Digital Transformation > Digital Transformation > Manager > Principal Consultant
POS-0040,DEP-03,CONSULTING AND CUSTOMER SUPPORT,Consulting Services,Solution Consulting,Solution Consulting,Associate,ENTRY,Solution Consultant,Associate - Solution Consultant,False,CONSULTING AND CUSTOMER SUPPORT > Consulting Services > Solution Consulting > Solution Consulting > Associate > Solution Consultant
POS-0041,DEP-03,CONSULTING AND CUSTOMER SUPPORT,Consulting Services,Solution Consulting,Solution Consulting,Manager,SENIOR,Senior Solution Consultant,Manager - Senior Solution Consultant,False,CONSULTING AND CUSTOMER SUPPORT > Consulting Services > Solution Consulting > Solution Consulting > Manager > Senior Solution Consultant
POS-0042,DEP-03,CONSULTING AND CUSTOMER SUPPORT,Customer Success,Customer Success Management,Customer Success Management,Associate,ENTRY,Customer Success Account Manager,Associate - Customer Success Account Manager,False,CONSULTING AND CUSTOMER SUPPORT > Customer Success > Customer Success Management > Customer Success Management > Associate > Customer Success Account Manager
POS-0043,DEP-03,CONSULTING AND CUSTOMER SUPPORT,Customer Success,Customer Success Management,Customer Success Management,Lead,MID,Senior Customer Success Account Manager,Lead - Senior Customer Success Account Manager,False,CONSULTING AND CUSTOMER SUPPORT > Customer Success > Customer Success Management > Customer Success Management > Lead > Senior Customer Success Account Manager
POS-0044,DEP-03,CONSULTING AND CUSTOMER SUPPORT,Customer Success,Customer Success Management,Customer Success Management,Manager,SENIOR,Principal Customer Success Account Manager,Manager - Principal Customer Success Account Manager,False,CONSULTING AND CUSTOMER SUPPORT > Customer Success > Customer Success Management > Customer Success Management > Manager > Principal Customer Success Account Manager
POS-0045,DEP-03,CONSULTING AND CUSTOMER SUPPORT,Customer Success,Customer Experience,Customer Experience,Associate,ENTRY,Customer Success Manager,Associate - Customer Success Manager,False,CONSULTING AND CUSTOMER SUPPORT > Customer Success > Customer Experience > Customer Experience > Associate > Customer Success Manager
POS-0046,DEP-03,CONSULTING AND CUSTOMER SUPPORT,Customer Success,Customer Experience,Customer Experience,Lead,MID,Senior Customer Success Manager,Lead - Senior Customer Success Manager,False,CONSULTING AND CUSTOMER SUPPORT > Customer Success > Customer Experience > Customer Experience > Lead > Senior Customer Success Manager
POS-0047,DEP-03,CONSULTING AND CUSTOMER SUPPORT,Customer Success,Customer Experience,Customer Experience,Manager,SENIOR,Customer Success Director,Manager - Customer Success Director,False,CONSULTING AND CUSTOMER SUPPORT > Customer Success > Customer Experience > Customer Experience > Manager > Customer Success Director
POS-0048,DEP-03,CONSULTING AND CUSTOMER SUPPORT,Product Support,Product Support,Product Support,Associate,ENTRY,Technical Support Engineer,Associate - Technical Support Engineer,False,CONSULTING AND CUSTOMER SUPPORT > Product Support > Product Support > Product Support > Associate > Technical Support Engineer
POS-0049,DEP-03,CONSULTING AND CUSTOMER SUPPORT,Product Support,Product Support,Product Support,Lead,MID,Senior Technical Support Engineer,Lead - Senior Technical Support Engineer,False,CONSULTING AND CUSTOMER SUPPORT > Product Support > Product Support > Product Support > Lead > Senior Technical Support Engineer
POS-0050,DEP-03,CONSULTING AND CUSTOMER SUPPORT,Product Support,Product Support,Product Support,Manager,SENIOR,Principal Technical Support Engineer,Manager - Principal Technical Support Engineer,False,CONSULTING AND CUSTOMER SUPPORT > Product Support > Product Support > Product Support > Manager > Principal Technical Support Engineer
POS-0051,DEP-03,CONSULTING AND CUSTOMER SUPPORT,Cloud Support,Cloud Support,Cloud Support,Associate,ENTRY,Cloud Support Engineer,Associate - Cloud Support Engineer,False,CONSULTING AND CUSTOMER SUPPORT > Cloud Support > Cloud Support > Cloud Support > Associate > Cloud Support Engineer
POS-0052,DEP-03,CONSULTING AND CUSTOMER SUPPORT,Cloud Support,Cloud Support,Cloud Support,Lead,MID,Senior Cloud Support Engineer,Lead - Senior Cloud Support Engineer,False,CONSULTING AND CUSTOMER SUPPORT > Cloud Support > Cloud Support > Cloud Support > Lead > Senior Cloud Support Engineer
POS-0053,DEP-03,CONSULTING AND CUSTOMER SUPPORT,Cloud Support,Cloud Support,Cloud Support,Manager,SENIOR,Cloud Support Lead,Manager - Cloud Support Lead,False,CONSULTING AND CUSTOMER SUPPORT > Cloud Support > Cloud Support > Cloud Support > Manager > Cloud Support Lead
POS-0054,DEP-03,CONSULTING AND CUSTOMER SUPPORT,Support Operations,Support Operations,Support Operations,Associate,ENTRY,Support Analyst,Associate - Support Analyst,False,CONSULTING AND CUSTOMER SUPPORT > Support Operations > Support Operations > Support Operations > Associate > Support Analyst
POS-0055,DEP-03,CONSULTING AND CUSTOMER SUPPORT,Support Operations,Support Operations,Support Operations,Lead,MID,Support Manager,Lead - Support Manager,False,CONSULTING AND CUSTOMER SUPPORT > Support Operations > Support Operations > Support Operations > Lead > Support Manager
POS-0056,DEP-03,CONSULTING AND CUSTOMER SUPPORT,Support Operations,Support Operations,Support Operations,Manager,SENIOR,Support Operations Director,Manager - Support Operations Director,False,CONSULTING AND CUSTOMER SUPPORT > Support Operations > Support Operations > Support Operations > Manager > Support Operations Director
POS-0057,DEP-04,CORPORATE AND SHARED SERVICES,Business Operations,Business Planning,Business Planning,Associate,ENTRY,Business Operations Analyst,Associate - Business Operations Analyst,False,CORPORATE AND SHARED SERVICES > Business Operations > Business Planning > Business Planning > Associate > Business Operations Analyst
POS-0058,DEP-04,CORPORATE AND SHARED SERVICES,Business Operations,Business Planning,Business Planning,Lead,MID,Senior Business Operations Analyst,Lead - Senior Business Operations Analyst,False,CORPORATE AND SHARED SERVICES > Business Operations > Business Planning > Business Planning > Lead > Senior Business Operations Analyst
POS-0059,DEP-04,CORPORATE AND SHARED SERVICES,Business Operations,Business Planning,Business Planning,Manager,SENIOR,Business Operations Manager,Manager - Business Operations Manager,False,CORPORATE AND SHARED SERVICES > Business Operations > Business Planning > Business Planning > Manager > Business Operations Manager
POS-0060,DEP-04,CORPORATE AND SHARED SERVICES,Business Operations,Strategy Operations,Strategy Operations,Associate,ENTRY,Strategy Analyst,Associate - Strategy Analyst,False,CORPORATE AND SHARED SERVICES > Business Operations > Strategy Operations > Strategy Operations > Associate > Strategy Analyst
POS-0061,DEP-04,CORPORATE AND SHARED SERVICES,Business Operations,Strategy Operations,Strategy Operations,Manager,SENIOR,Strategy Manager,Manager - Strategy Manager,False,CORPORATE AND SHARED SERVICES > Business Operations > Strategy Operations > Strategy Operations > Manager > Strategy Manager
POS-0062,DEP-04,CORPORATE AND SHARED SERVICES,Business Operations,Program Operations,Program Operations,Associate,ENTRY,Program Operations Analyst,Associate - Program Operations Analyst,False,CORPORATE AND SHARED SERVICES > Business Operations > Program Operations > Program Operations > Associate > Program Operations Analyst
POS-0063,DEP-04,CORPORATE AND SHARED SERVICES,Business Operations,Program Operations,Program Operations,Manager,SENIOR,Program Operations Manager,Manager - Program Operations Manager,False,CORPORATE AND SHARED SERVICES > Business Operations > Program Operations > Program Operations > Manager > Program Operations Manager
POS-0064,DEP-04,CORPORATE AND SHARED SERVICES,Communications,Corporate Communications,Corporate Communications,Associate,ENTRY,Communications Specialist,Associate - Communications Specialist,False,CORPORATE AND SHARED SERVICES > Communications > Corporate Communications > Corporate Communications > Associate > Communications Specialist
POS-0065,DEP-04,CORPORATE AND SHARED SERVICES,Communications,Corporate Communications,Corporate Communications,Lead,MID,Senior Communications Manager,Lead - Senior Communications Manager,False,CORPORATE AND SHARED SERVICES > Communications > Corporate Communications > Corporate Communications > Lead > Senior Communications Manager
POS-0066,DEP-04,CORPORATE AND SHARED SERVICES,Communications,Corporate Communications,Corporate Communications,Manager,SENIOR,Communications Director,Manager - Communications Director,False,CORPORATE AND SHARED SERVICES > Communications > Corporate Communications > Corporate Communications > Manager > Communications Director
POS-0067,DEP-04,CORPORATE AND SHARED SERVICES,Communications,Public Relations,Public Relations,Associate,ENTRY,PR Specialist,Associate - PR Specialist,False,CORPORATE AND SHARED SERVICES > Communications > Public Relations > Public Relations > Associate > PR Specialist
POS-0068,DEP-04,CORPORATE AND SHARED SERVICES,Communications,Public Relations,Public Relations,Lead,MID,PR Manager,Lead - PR Manager,False,CORPORATE AND SHARED SERVICES > Communications > Public Relations > Public Relations > Lead > PR Manager
POS-0069,DEP-04,CORPORATE AND SHARED SERVICES,Communications,Public Relations,Public Relations,Manager,SENIOR,PR Director,Manager - PR Director,False,CORPORATE AND SHARED SERVICES > Communications > Public Relations > Public Relations > Manager > PR Director
POS-0070,DEP-04,CORPORATE AND SHARED SERVICES,Communications,Internal Communications,Internal Communications,Associate,ENTRY,Communications Specialist,Associate - Communications Specialist,False,CORPORATE AND SHARED SERVICES > Communications > Internal Communications > Internal Communications > Associate > Communications Specialist
POS-0071,DEP-04,CORPORATE AND SHARED SERVICES,Communications,Internal Communications,Internal Communications,Manager,SENIOR,Internal Communications Manager,Manager - Internal Communications Manager,False,CORPORATE AND SHARED SERVICES > Communications > Internal Communications > Internal Communications > Manager > Internal Communications Manager
POS-0072,DEP-04,CORPORATE AND SHARED SERVICES,Governance Risk and Compliance,Risk Management,Risk Management,Associate,ENTRY,Risk Analyst,Associate - Risk Analyst,False,CORPORATE AND SHARED SERVICES > Governance Risk and Compliance > Risk Management > Risk Management > Associate > Risk Analyst
POS-0073,DEP-04,CORPORATE AND SHARED SERVICES,Governance Risk and Compliance,Risk Management,Risk Management,Lead,MID,Senior Risk Analyst,Lead - Senior Risk Analyst,False,CORPORATE AND SHARED SERVICES > Governance Risk and Compliance > Risk Management > Risk Management > Lead > Senior Risk Analyst
POS-0074,DEP-04,CORPORATE AND SHARED SERVICES,Governance Risk and Compliance,Risk Management,Risk Management,Manager,SENIOR,Risk Manager,Manager - Risk Manager,False,CORPORATE AND SHARED SERVICES > Governance Risk and Compliance > Risk Management > Risk Management > Manager > Risk Manager
POS-0075,DEP-04,CORPORATE AND SHARED SERVICES,Governance Risk and Compliance,Compliance,Compliance,Associate,ENTRY,Compliance Analyst,Associate - Compliance Analyst,False,CORPORATE AND SHARED SERVICES > Governance Risk and Compliance > Compliance > Compliance > Associate > Compliance Analyst
POS-0076,DEP-04,CORPORATE AND SHARED SERVICES,Governance Risk and Compliance,Compliance,Compliance,Lead,MID,Senior Compliance Analyst,Lead - Senior Compliance Analyst,False,CORPORATE AND SHARED SERVICES > Governance Risk and Compliance > Compliance > Compliance > Lead > Senior Compliance Analyst
POS-0077,DEP-04,CORPORATE AND SHARED SERVICES,Governance Risk and Compliance,Compliance,Compliance,Manager,SENIOR,Compliance Manager,Manager - Compliance Manager,False,CORPORATE AND SHARED SERVICES > Governance Risk and Compliance > Compliance > Compliance > Manager > Compliance Manager
POS-0078,DEP-04,CORPORATE AND SHARED SERVICES,Governance Risk and Compliance,Governance,Governance,Associate,ENTRY,Governance Analyst,Associate - Governance Analyst,False,CORPORATE AND SHARED SERVICES > Governance Risk and Compliance > Governance > Governance > Associate > Governance Analyst
POS-0079,DEP-04,CORPORATE AND SHARED SERVICES,Governance Risk and Compliance,Governance,Governance,Manager,SENIOR,Governance Manager,Manager - Governance Manager,False,CORPORATE AND SHARED SERVICES > Governance Risk and Compliance > Governance > Governance > Manager > Governance Manager
POS-0080,DEP-04,CORPORATE AND SHARED SERVICES,Facilities,Facilities,Facilities,Associate,ENTRY,Facilities Coordinator,Associate - Facilities Coordinator,False,CORPORATE AND SHARED SERVICES > Facilities > Facilities > Facilities > Associate > Facilities Coordinator
POS-0081,DEP-04,CORPORATE AND SHARED SERVICES,Facilities,Facilities,Facilities,Lead,MID,Facilities Manager,Lead - Facilities Manager,False,CORPORATE AND SHARED SERVICES > Facilities > Facilities > Facilities > Lead > Facilities Manager
POS-0082,DEP-04,CORPORATE AND SHARED SERVICES,Facilities,Facilities,Facilities,Manager,SENIOR,Facilities Director,Manager - Facilities Director,False,CORPORATE AND SHARED SERVICES > Facilities > Facilities > Facilities > Manager > Facilities Director
POS-0083,DEP-04,CORPORATE AND SHARED SERVICES,Real Estate,Real Estate,Real Estate,Associate,ENTRY,Real Estate Analyst,Associate - Real Estate Analyst,False,CORPORATE AND SHARED SERVICES > Real Estate > Real Estate > Real Estate > Associate > Real Estate Analyst
POS-0084,DEP-04,CORPORATE AND SHARED SERVICES,Real Estate,Real Estate,Real Estate,Lead,MID,Real Estate Manager,Lead - Real Estate Manager,False,CORPORATE AND SHARED SERVICES > Real Estate > Real Estate > Real Estate > Lead > Real Estate Manager
POS-0085,DEP-04,CORPORATE AND SHARED SERVICES,Real Estate,Real Estate,Real Estate,Manager,SENIOR,Real Estate Director,Manager - Real Estate Director,False,CORPORATE AND SHARED SERVICES > Real Estate > Real Estate > Real Estate > Manager > Real Estate Director
POS-0086,DEP-04,CORPORATE AND SHARED SERVICES,Construction,Construction,Construction,Associate,ENTRY,Construction Manager,Associate - Construction Manager,False,CORPORATE AND SHARED SERVICES > Construction > Construction > Construction > Associate > Construction Manager
POS-0087,DEP-04,CORPORATE AND SHARED SERVICES,Construction,Construction,Construction,Lead,MID,Senior Construction Manager,Lead - Senior Construction Manager,False,CORPORATE AND SHARED SERVICES > Construction > Construction > Construction > Lead > Senior Construction Manager
POS-0088,DEP-04,CORPORATE AND SHARED SERVICES,Construction,Construction,Construction,Manager,SENIOR,Construction Director,Manager - Construction Director,False,CORPORATE AND SHARED SERVICES > Construction > Construction > Construction > Manager > Construction Director
POS-0089,DEP-05,DESIGN AND CREATIVE,Product Design,UX Design,UX Design,Associate,ENTRY,Product Designer,Associate - Product Designer,False,DESIGN AND CREATIVE > Product Design > UX Design > UX Design > Associate > Product Designer
POS-0090,DEP-05,DESIGN AND CREATIVE,Product Design,UX Design,UX Design,Lead,MID,Senior Product Designer,Lead - Senior Product Designer,False,DESIGN AND CREATIVE > Product Design > UX Design > UX Design > Lead > Senior Product Designer
POS-0091,DEP-05,DESIGN AND CREATIVE,Product Design,UX Design,UX Design,Manager,SENIOR,Principal Product Designer,Manager - Principal Product Designer,False,DESIGN AND CREATIVE > Product Design > UX Design > UX Design > Manager > Principal Product Designer
POS-0092,DEP-05,DESIGN AND CREATIVE,Product Design,UX Design,UX Design,Manager,SENIOR,Design Director,Manager - Design Director,False,DESIGN AND CREATIVE > Product Design > UX Design > UX Design > Manager > Design Director
POS-0093,DEP-05,DESIGN AND CREATIVE,Product Design,UI Design,UI Design,Associate,ENTRY,UI Designer,Associate - UI Designer,False,DESIGN AND CREATIVE > Product Design > UI Design > UI Design > Associate > UI Designer
POS-0094,DEP-05,DESIGN AND CREATIVE,Product Design,UI Design,UI Design,Lead,MID,Senior UI Designer,Lead - Senior UI Designer,False,DESIGN AND CREATIVE > Product Design > UI Design > UI Design > Lead > Senior UI Designer
POS-0095,DEP-05,DESIGN AND CREATIVE,Product Design,UI Design,UI Design,Manager,SENIOR,Principal UI Designer,Manager - Principal UI Designer,False,DESIGN AND CREATIVE > Product Design > UI Design > UI Design > Manager > Principal UI Designer
POS-0096,DEP-05,DESIGN AND CREATIVE,Product Design,Interaction Design,Interaction Design,Associate,ENTRY,Interaction Designer,Associate - Interaction Designer,False,DESIGN AND CREATIVE > Product Design > Interaction Design > Interaction Design > Associate > Interaction Designer
POS-0097,DEP-05,DESIGN AND CREATIVE,Product Design,Interaction Design,Interaction Design,Lead,MID,Senior Interaction Designer,Lead - Senior Interaction Designer,False,DESIGN AND CREATIVE > Product Design > Interaction Design > Interaction Design > Lead > Senior Interaction Designer
POS-0098,DEP-05,DESIGN AND CREATIVE,Product Design,Interaction Design,Interaction Design,Manager,SENIOR,Principal Interaction Designer,Manager - Principal Interaction Designer,False,DESIGN AND CREATIVE > Product Design > Interaction Design > Interaction Design > Manager > Principal Interaction Designer
POS-0099,DEP-05,DESIGN AND CREATIVE,UX Research,User Research,User Research,Associate,ENTRY,UX Researcher,Associate - UX Researcher,False,DESIGN AND CREATIVE > UX Research > User Research > User Research > Associate > UX Researcher
POS-0100,DEP-05,DESIGN AND CREATIVE,UX Research,User Research,User Research,Lead,MID,Senior UX Researcher,Lead - Senior UX Researcher,False,DESIGN AND CREATIVE > UX Research > User Research > User Research > Lead > Senior UX Researcher
POS-0101,DEP-05,DESIGN AND CREATIVE,UX Research,User Research,User Research,Manager,SENIOR,Principal UX Researcher,Manager - Principal UX Researcher,False,DESIGN AND CREATIVE > UX Research > User Research > User Research > Manager > Principal UX Researcher
POS-0102,DEP-05,DESIGN AND CREATIVE,UX Research,Customer Research,Customer Research,Associate,ENTRY,Researcher,Associate - Researcher,False,DESIGN AND CREATIVE > UX Research > Customer Research > Customer Research > Associate > Researcher
POS-0103,DEP-05,DESIGN AND CREATIVE,UX Research,Customer Research,Customer Research,Manager,SENIOR,Senior Researcher,Manager - Senior Researcher,False,DESIGN AND CREATIVE > UX Research > Customer Research > Customer Research > Manager > Senior Researcher
POS-0104,DEP-05,DESIGN AND CREATIVE,Visual Design,Visual Design,Visual Design,Associate,ENTRY,Visual Designer,Associate - Visual Designer,False,DESIGN AND CREATIVE > Visual Design > Visual Design > Visual Design > Associate > Visual Designer
POS-0105,DEP-05,DESIGN AND CREATIVE,Visual Design,Visual Design,Visual Design,Lead,MID,Senior Visual Designer,Lead - Senior Visual Designer,False,DESIGN AND CREATIVE > Visual Design > Visual Design > Visual Design > Lead > Senior Visual Designer
POS-0106,DEP-05,DESIGN AND CREATIVE,Visual Design,Visual Design,Visual Design,Manager,SENIOR,Creative Director,Manager - Creative Director,False,DESIGN AND CREATIVE > Visual Design > Visual Design > Visual Design > Manager > Creative Director
POS-0107,DEP-05,DESIGN AND CREATIVE,Content Design,Content Design,Content Design,Associate,ENTRY,Content Designer,Associate - Content Designer,False,DESIGN AND CREATIVE > Content Design > Content Design > Content Design > Associate > Content Designer
POS-0108,DEP-05,DESIGN AND CREATIVE,Content Design,Content Design,Content Design,Manager,SENIOR,Senior Content Designer,Manager - Senior Content Designer,False,DESIGN AND CREATIVE > Content Design > Content Design > Content Design > Manager > Senior Content Designer
POS-0109,DEP-05,DESIGN AND CREATIVE,Brand Creative,Brand Creative,Brand Creative,Associate,ENTRY,Creative Designer,Associate - Creative Designer,False,DESIGN AND CREATIVE > Brand Creative > Brand Creative > Brand Creative > Associate > Creative Designer
POS-0110,DEP-05,DESIGN AND CREATIVE,Brand Creative,Brand Creative,Brand Creative,Manager,SENIOR,Creative Director,Manager - Creative Director,False,DESIGN AND CREATIVE > Brand Creative > Brand Creative > Brand Creative > Manager > Creative Director
POS-0111,DEP-06,"ENGINEERING, DEVELOPMENT AND SERVICES",Software Engineering,Application Engineering,Application Engineering,Associate,ENTRY,Software Engineer,Associate - Software Engineer,False,"ENGINEERING, DEVELOPMENT AND SERVICES > Software Engineering > Application Engineering > Application Engineering > Associate > Software Engineer"
POS-0112,DEP-06,"ENGINEERING, DEVELOPMENT AND SERVICES",Software Engineering,Application Engineering,Application Engineering,Lead,MID,Senior Software Engineer,Lead - Senior Software Engineer,False,"ENGINEERING, DEVELOPMENT AND SERVICES > Software Engineering > Application Engineering > Application Engineering > Lead > Senior Software Engineer"
POS-0113,DEP-06,"ENGINEERING, DEVELOPMENT AND SERVICES",Software Engineering,Application Engineering,Application Engineering,Manager,SENIOR,Principal Software Engineer,Manager - Principal Software Engineer,False,"ENGINEERING, DEVELOPMENT AND SERVICES > Software Engineering > Application Engineering > Application Engineering > Manager > Principal Software Engineer"
POS-0114,DEP-06,"ENGINEERING, DEVELOPMENT AND SERVICES",Software Engineering,Application Engineering,Application Engineering,Manager,SENIOR,Distinguished Engineer,Manager - Distinguished Engineer,False,"ENGINEERING, DEVELOPMENT AND SERVICES > Software Engineering > Application Engineering > Application Engineering > Manager > Distinguished Engineer"
POS-0115,DEP-06,"ENGINEERING, DEVELOPMENT AND SERVICES",Software Engineering,Backend Engineering,Backend Engineering,Associate,ENTRY,Software Engineer,Associate - Software Engineer,False,"ENGINEERING, DEVELOPMENT AND SERVICES > Software Engineering > Backend Engineering > Backend Engineering > Associate > Software Engineer"
POS-0116,DEP-06,"ENGINEERING, DEVELOPMENT AND SERVICES",Software Engineering,Backend Engineering,Backend Engineering,Lead,MID,Senior Software Engineer,Lead - Senior Software Engineer,False,"ENGINEERING, DEVELOPMENT AND SERVICES > Software Engineering > Backend Engineering > Backend Engineering > Lead > Senior Software Engineer"
POS-0117,DEP-06,"ENGINEERING, DEVELOPMENT AND SERVICES",Software Engineering,Backend Engineering,Backend Engineering,Manager,SENIOR,Principal Software Engineer,Manager - Principal Software Engineer,False,"ENGINEERING, DEVELOPMENT AND SERVICES > Software Engineering > Backend Engineering > Backend Engineering > Manager > Principal Software Engineer"
POS-0118,DEP-06,"ENGINEERING, DEVELOPMENT AND SERVICES",Software Engineering,Frontend Engineering,Frontend Engineering,Associate,ENTRY,Frontend Engineer,Associate - Frontend Engineer,False,"ENGINEERING, DEVELOPMENT AND SERVICES > Software Engineering > Frontend Engineering > Frontend Engineering > Associate > Frontend Engineer"
POS-0119,DEP-06,"ENGINEERING, DEVELOPMENT AND SERVICES",Software Engineering,Frontend Engineering,Frontend Engineering,Lead,MID,Senior Frontend Engineer,Lead - Senior Frontend Engineer,False,"ENGINEERING, DEVELOPMENT AND SERVICES > Software Engineering > Frontend Engineering > Frontend Engineering > Lead > Senior Frontend Engineer"
POS-0120,DEP-06,"ENGINEERING, DEVELOPMENT AND SERVICES",Software Engineering,Frontend Engineering,Frontend Engineering,Manager,SENIOR,Principal Frontend Engineer,Manager - Principal Frontend Engineer,False,"ENGINEERING, DEVELOPMENT AND SERVICES > Software Engineering > Frontend Engineering > Frontend Engineering > Manager > Principal Frontend Engineer"
POS-0121,DEP-06,"ENGINEERING, DEVELOPMENT AND SERVICES",Software Engineering,Full Stack Engineering,Full Stack Engineering,Associate,ENTRY,Full Stack Engineer,Associate - Full Stack Engineer,False,"ENGINEERING, DEVELOPMENT AND SERVICES > Software Engineering > Full Stack Engineering > Full Stack Engineering > Associate > Full Stack Engineer"
POS-0122,DEP-06,"ENGINEERING, DEVELOPMENT AND SERVICES",Software Engineering,Full Stack Engineering,Full Stack Engineering,Lead,MID,Senior Full Stack Engineer,Lead - Senior Full Stack Engineer,False,"ENGINEERING, DEVELOPMENT AND SERVICES > Software Engineering > Full Stack Engineering > Full Stack Engineering > Lead > Senior Full Stack Engineer"
POS-0123,DEP-06,"ENGINEERING, DEVELOPMENT AND SERVICES",Software Engineering,Full Stack Engineering,Full Stack Engineering,Manager,SENIOR,Principal Full Stack Engineer,Manager - Principal Full Stack Engineer,False,"ENGINEERING, DEVELOPMENT AND SERVICES > Software Engineering > Full Stack Engineering > Full Stack Engineering > Manager > Principal Full Stack Engineer"
POS-0124,DEP-06,"ENGINEERING, DEVELOPMENT AND SERVICES",Software Engineering,Platform Engineering,Platform Engineering,Associate,ENTRY,Platform Engineer,Associate - Platform Engineer,False,"ENGINEERING, DEVELOPMENT AND SERVICES > Software Engineering > Platform Engineering > Platform Engineering > Associate > Platform Engineer"
POS-0125,DEP-06,"ENGINEERING, DEVELOPMENT AND SERVICES",Software Engineering,Platform Engineering,Platform Engineering,Lead,MID,Senior Platform Engineer,Lead - Senior Platform Engineer,False,"ENGINEERING, DEVELOPMENT AND SERVICES > Software Engineering > Platform Engineering > Platform Engineering > Lead > Senior Platform Engineer"
POS-0126,DEP-06,"ENGINEERING, DEVELOPMENT AND SERVICES",Software Engineering,Platform Engineering,Platform Engineering,Manager,SENIOR,Principal Platform Engineer,Manager - Principal Platform Engineer,False,"ENGINEERING, DEVELOPMENT AND SERVICES > Software Engineering > Platform Engineering > Platform Engineering > Manager > Principal Platform Engineer"
POS-0127,DEP-06,"ENGINEERING, DEVELOPMENT AND SERVICES",Cloud Engineering,Compute,Compute,Associate,ENTRY,Cloud Engineer,Associate - Cloud Engineer,False,"ENGINEERING, DEVELOPMENT AND SERVICES > Cloud Engineering > Compute > Compute > Associate > Cloud Engineer"
POS-0128,DEP-06,"ENGINEERING, DEVELOPMENT AND SERVICES",Cloud Engineering,Compute,Compute,Lead,MID,Senior Cloud Engineer,Lead - Senior Cloud Engineer,False,"ENGINEERING, DEVELOPMENT AND SERVICES > Cloud Engineering > Compute > Compute > Lead > Senior Cloud Engineer"
POS-0129,DEP-06,"ENGINEERING, DEVELOPMENT AND SERVICES",Cloud Engineering,Compute,Compute,Manager,SENIOR,Principal Cloud Engineer,Manager - Principal Cloud Engineer,False,"ENGINEERING, DEVELOPMENT AND SERVICES > Cloud Engineering > Compute > Compute > Manager > Principal Cloud Engineer"
POS-0130,DEP-06,"ENGINEERING, DEVELOPMENT AND SERVICES",Cloud Engineering,Storage,Storage,Associate,ENTRY,Storage Engineer,Associate - Storage Engineer,False,"ENGINEERING, DEVELOPMENT AND SERVICES > Cloud Engineering > Storage > Storage > Associate > Storage Engineer"
POS-0131,DEP-06,"ENGINEERING, DEVELOPMENT AND SERVICES",Cloud Engineering,Storage,Storage,Manager,SENIOR,Senior Storage Engineer,Manager - Senior Storage Engineer,False,"ENGINEERING, DEVELOPMENT AND SERVICES > Cloud Engineering > Storage > Storage > Manager > Senior Storage Engineer"
POS-0132,DEP-06,"ENGINEERING, DEVELOPMENT AND SERVICES",Cloud Engineering,Networking,Networking,Associate,ENTRY,Network Engineer,Associate - Network Engineer,False,"ENGINEERING, DEVELOPMENT AND SERVICES > Cloud Engineering > Networking > Networking > Associate > Network Engineer"
POS-0133,DEP-06,"ENGINEERING, DEVELOPMENT AND SERVICES",Cloud Engineering,Networking,Networking,Lead,MID,Senior Network Engineer,Lead - Senior Network Engineer,False,"ENGINEERING, DEVELOPMENT AND SERVICES > Cloud Engineering > Networking > Networking > Lead > Senior Network Engineer"
POS-0134,DEP-06,"ENGINEERING, DEVELOPMENT AND SERVICES",Cloud Engineering,Networking,Networking,Manager,SENIOR,Principal Network Engineer,Manager - Principal Network Engineer,False,"ENGINEERING, DEVELOPMENT AND SERVICES > Cloud Engineering > Networking > Networking > Manager > Principal Network Engineer"
POS-0135,DEP-06,"ENGINEERING, DEVELOPMENT AND SERVICES",Cloud Engineering,Distributed Systems,Distributed Systems,Associate,ENTRY,Systems Engineer,Associate - Systems Engineer,False,"ENGINEERING, DEVELOPMENT AND SERVICES > Cloud Engineering > Distributed Systems > Distributed Systems > Associate > Systems Engineer"
POS-0136,DEP-06,"ENGINEERING, DEVELOPMENT AND SERVICES",Cloud Engineering,Distributed Systems,Distributed Systems,Lead,MID,Senior Systems Engineer,Lead - Senior Systems Engineer,False,"ENGINEERING, DEVELOPMENT AND SERVICES > Cloud Engineering > Distributed Systems > Distributed Systems > Lead > Senior Systems Engineer"
POS-0137,DEP-06,"ENGINEERING, DEVELOPMENT AND SERVICES",Cloud Engineering,Distributed Systems,Distributed Systems,Manager,SENIOR,Principal Systems Engineer,Manager - Principal Systems Engineer,False,"ENGINEERING, DEVELOPMENT AND SERVICES > Cloud Engineering > Distributed Systems > Distributed Systems > Manager > Principal Systems Engineer"
POS-0138,DEP-06,"ENGINEERING, DEVELOPMENT AND SERVICES",DevOps and Reliability,DevOps,DevOps,Associate,ENTRY,DevOps Engineer,Associate - DevOps Engineer,False,"ENGINEERING, DEVELOPMENT AND SERVICES > DevOps and Reliability > DevOps > DevOps > Associate > DevOps Engineer"
POS-0139,DEP-06,"ENGINEERING, DEVELOPMENT AND SERVICES",DevOps and Reliability,DevOps,DevOps,Lead,MID,Senior DevOps Engineer,Lead - Senior DevOps Engineer,False,"ENGINEERING, DEVELOPMENT AND SERVICES > DevOps and Reliability > DevOps > DevOps > Lead > Senior DevOps Engineer"
POS-0140,DEP-06,"ENGINEERING, DEVELOPMENT AND SERVICES",DevOps and Reliability,DevOps,DevOps,Manager,SENIOR,Principal DevOps Engineer,Manager - Principal DevOps Engineer,False,"ENGINEERING, DEVELOPMENT AND SERVICES > DevOps and Reliability > DevOps > DevOps > Manager > Principal DevOps Engineer"
POS-0141,DEP-06,"ENGINEERING, DEVELOPMENT AND SERVICES",DevOps and Reliability,Site Reliability Engineering,Site Reliability Engineering,Associate,ENTRY,SRE,Associate - SRE,False,"ENGINEERING, DEVELOPMENT AND SERVICES > DevOps and Reliability > Site Reliability Engineering > Site Reliability Engineering > Associate > SRE"
POS-0142,DEP-06,"ENGINEERING, DEVELOPMENT AND SERVICES",DevOps and Reliability,Site Reliability Engineering,Site Reliability Engineering,Lead,MID,Senior SRE,Lead - Senior SRE,False,"ENGINEERING, DEVELOPMENT AND SERVICES > DevOps and Reliability > Site Reliability Engineering > Site Reliability Engineering > Lead > Senior SRE"
POS-0143,DEP-06,"ENGINEERING, DEVELOPMENT AND SERVICES",DevOps and Reliability,Site Reliability Engineering,Site Reliability Engineering,Manager,SENIOR,Principal SRE,Manager - Principal SRE,False,"ENGINEERING, DEVELOPMENT AND SERVICES > DevOps and Reliability > Site Reliability Engineering > Site Reliability Engineering > Manager > Principal SRE"
POS-0144,DEP-06,"ENGINEERING, DEVELOPMENT AND SERVICES",Quality Engineering,Quality Engineering,Quality Engineering,Associate,ENTRY,Quality Engineer,Associate - Quality Engineer,False,"ENGINEERING, DEVELOPMENT AND SERVICES > Quality Engineering > Quality Engineering > Quality Engineering > Associate > Quality Engineer"
POS-0145,DEP-06,"ENGINEERING, DEVELOPMENT AND SERVICES",Quality Engineering,Quality Engineering,Quality Engineering,Lead,MID,Senior Quality Engineer,Lead - Senior Quality Engineer,False,"ENGINEERING, DEVELOPMENT AND SERVICES > Quality Engineering > Quality Engineering > Quality Engineering > Lead > Senior Quality Engineer"
POS-0146,DEP-06,"ENGINEERING, DEVELOPMENT AND SERVICES",Quality Engineering,Quality Engineering,Quality Engineering,Manager,SENIOR,Principal Quality Engineer,Manager - Principal Quality Engineer,False,"ENGINEERING, DEVELOPMENT AND SERVICES > Quality Engineering > Quality Engineering > Quality Engineering > Manager > Principal Quality Engineer"
POS-0147,DEP-06,"ENGINEERING, DEVELOPMENT AND SERVICES",Release Engineering,Release Engineering,Release Engineering,Associate,ENTRY,Release Engineer,Associate - Release Engineer,False,"ENGINEERING, DEVELOPMENT AND SERVICES > Release Engineering > Release Engineering > Release Engineering > Associate > Release Engineer"
POS-0148,DEP-06,"ENGINEERING, DEVELOPMENT AND SERVICES",Release Engineering,Release Engineering,Release Engineering,Manager,SENIOR,Senior Release Engineer,Manager - Senior Release Engineer,False,"ENGINEERING, DEVELOPMENT AND SERVICES > Release Engineering > Release Engineering > Release Engineering > Manager > Senior Release Engineer"
POS-0149,DEP-07,FINANCE,Corporate Finance,Financial Planning and Analysis,Financial Planning and Analysis,Associate,ENTRY,Financial Analyst,Associate - Financial Analyst,False,FINANCE > Corporate Finance > Financial Planning and Analysis > Financial Planning and Analysis > Associate > Financial Analyst
POS-0150,DEP-07,FINANCE,Corporate Finance,Financial Planning and Analysis,Financial Planning and Analysis,Lead,MID,Senior Financial Analyst,Lead - Senior Financial Analyst,False,FINANCE > Corporate Finance > Financial Planning and Analysis > Financial Planning and Analysis > Lead > Senior Financial Analyst
POS-0151,DEP-07,FINANCE,Corporate Finance,Financial Planning and Analysis,Financial Planning and Analysis,Manager,SENIOR,Finance Manager,Manager - Finance Manager,False,FINANCE > Corporate Finance > Financial Planning and Analysis > Financial Planning and Analysis > Manager > Finance Manager
POS-0152,DEP-07,FINANCE,Corporate Finance,Financial Planning and Analysis,Financial Planning and Analysis,Manager,SENIOR,Finance Director,Manager - Finance Director,False,FINANCE > Corporate Finance > Financial Planning and Analysis > Financial Planning and Analysis > Manager > Finance Director
POS-0153,DEP-07,FINANCE,Corporate Finance,Corporate Finance,Corporate Finance,Associate,ENTRY,Finance Analyst,Associate - Finance Analyst,False,FINANCE > Corporate Finance > Corporate Finance > Corporate Finance > Associate > Finance Analyst
POS-0154,DEP-07,FINANCE,Corporate Finance,Corporate Finance,Corporate Finance,Lead,MID,Senior Finance Analyst,Lead - Senior Finance Analyst,False,FINANCE > Corporate Finance > Corporate Finance > Corporate Finance > Lead > Senior Finance Analyst
POS-0155,DEP-07,FINANCE,Corporate Finance,Corporate Finance,Corporate Finance,Manager,SENIOR,Finance Manager,Manager - Finance Manager,False,FINANCE > Corporate Finance > Corporate Finance > Corporate Finance > Manager > Finance Manager
POS-0156,DEP-07,FINANCE,Product and Engineering Finance,Product Finance,Product Finance,Associate,ENTRY,Finance Analyst,Associate - Finance Analyst,False,FINANCE > Product and Engineering Finance > Product Finance > Product Finance > Associate > Finance Analyst
POS-0157,DEP-07,FINANCE,Product and Engineering Finance,Product Finance,Product Finance,Lead,MID,Senior Finance Analyst,Lead - Senior Finance Analyst,False,FINANCE > Product and Engineering Finance > Product Finance > Product Finance > Lead > Senior Finance Analyst
POS-0158,DEP-07,FINANCE,Product and Engineering Finance,Product Finance,Product Finance,Manager,SENIOR,Finance Manager,Manager - Finance Manager,False,FINANCE > Product and Engineering Finance > Product Finance > Product Finance > Manager > Finance Manager
POS-0159,DEP-07,FINANCE,Product and Engineering Finance,Engineering Finance,Engineering Finance,Associate,ENTRY,Finance Analyst,Associate - Finance Analyst,False,FINANCE > Product and Engineering Finance > Engineering Finance > Engineering Finance > Associate > Finance Analyst
POS-0160,DEP-07,FINANCE,Product and Engineering Finance,Engineering Finance,Engineering Finance,Lead,MID,Senior Finance Analyst,Lead - Senior Finance Analyst,False,FINANCE > Product and Engineering Finance > Engineering Finance > Engineering Finance > Lead > Senior Finance Analyst
POS-0161,DEP-07,FINANCE,Product and Engineering Finance,Engineering Finance,Engineering Finance,Manager,SENIOR,Finance Manager,Manager - Finance Manager,False,FINANCE > Product and Engineering Finance > Engineering Finance > Engineering Finance > Manager > Finance Manager
POS-0162,DEP-07,FINANCE,Sales Finance,Sales Finance Analysis,Sales Finance Analysis,Associate,ENTRY,Sales Finance Analyst,Associate - Sales Finance Analyst,False,FINANCE > Sales Finance > Sales Finance Analysis > Sales Finance Analysis > Associate > Sales Finance Analyst
POS-0163,DEP-07,FINANCE,Sales Finance,Sales Finance Analysis,Sales Finance Analysis,Lead,MID,Senior Sales Finance Analyst,Lead - Senior Sales Finance Analyst,False,FINANCE > Sales Finance > Sales Finance Analysis > Sales Finance Analysis > Lead > Senior Sales Finance Analyst
POS-0164,DEP-07,FINANCE,Sales Finance,Sales Finance Analysis,Sales Finance Analysis,Manager,SENIOR,Sales Finance Manager,Manager - Sales Finance Manager,False,FINANCE > Sales Finance > Sales Finance Analysis > Sales Finance Analysis > Manager > Sales Finance Manager
POS-0165,DEP-07,FINANCE,Sales Finance,Revenue Planning,Revenue Planning,Associate,ENTRY,Revenue Analyst,Associate - Revenue Analyst,False,FINANCE > Sales Finance > Revenue Planning > Revenue Planning > Associate > Revenue Analyst
POS-0166,DEP-07,FINANCE,Sales Finance,Revenue Planning,Revenue Planning,Manager,SENIOR,Revenue Planning Manager,Manager - Revenue Planning Manager,False,FINANCE > Sales Finance > Revenue Planning > Revenue Planning > Manager > Revenue Planning Manager
POS-0167,DEP-07,FINANCE,Financial Accounting,Financial Accounting,Financial Accounting,Associate,ENTRY,Accountant,Associate - Accountant,False,FINANCE > Financial Accounting > Financial Accounting > Financial Accounting > Associate > Accountant
POS-0168,DEP-07,FINANCE,Financial Accounting,Financial Accounting,Financial Accounting,Lead,MID,Senior Accountant,Lead - Senior Accountant,False,FINANCE > Financial Accounting > Financial Accounting > Financial Accounting > Lead > Senior Accountant
POS-0169,DEP-07,FINANCE,Financial Accounting,Financial Accounting,Financial Accounting,Manager,SENIOR,Accounting Manager,Manager - Accounting Manager,False,FINANCE > Financial Accounting > Financial Accounting > Financial Accounting > Manager > Accounting Manager
POS-0170,DEP-07,FINANCE,Tax,Tax,Tax,Associate,ENTRY,Tax Analyst,Associate - Tax Analyst,False,FINANCE > Tax > Tax > Tax > Associate > Tax Analyst
POS-0171,DEP-07,FINANCE,Tax,Tax,Tax,Lead,MID,Senior Tax Analyst,Lead - Senior Tax Analyst,False,FINANCE > Tax > Tax > Tax > Lead > Senior Tax Analyst
POS-0172,DEP-07,FINANCE,Tax,Tax,Tax,Manager,SENIOR,Tax Manager,Manager - Tax Manager,False,FINANCE > Tax > Tax > Tax > Manager > Tax Manager
POS-0173,DEP-07,FINANCE,Internal Audit,Internal Audit,Internal Audit,Associate,ENTRY,Internal Auditor,Associate - Internal Auditor,False,FINANCE > Internal Audit > Internal Audit > Internal Audit > Associate > Internal Auditor
POS-0174,DEP-07,FINANCE,Internal Audit,Internal Audit,Internal Audit,Lead,MID,Senior Internal Auditor,Lead - Senior Internal Auditor,False,FINANCE > Internal Audit > Internal Audit > Internal Audit > Lead > Senior Internal Auditor
POS-0175,DEP-07,FINANCE,Internal Audit,Internal Audit,Internal Audit,Manager,SENIOR,Audit Manager,Manager - Audit Manager,False,FINANCE > Internal Audit > Internal Audit > Internal Audit > Manager > Audit Manager
POS-0176,DEP-08,GENERAL MANAGEMENT,Business Leadership,Business Unit Management,Business Unit Management,Associate,ENTRY,Business Manager,Associate - Business Manager,False,GENERAL MANAGEMENT > Business Leadership > Business Unit Management > Business Unit Management > Associate > Business Manager
POS-0177,DEP-08,GENERAL MANAGEMENT,Business Leadership,Business Unit Management,Business Unit Management,Lead,MID,Senior Business Manager,Lead - Senior Business Manager,False,GENERAL MANAGEMENT > Business Leadership > Business Unit Management > Business Unit Management > Lead > Senior Business Manager
POS-0178,DEP-08,GENERAL MANAGEMENT,Business Leadership,Business Unit Management,Business Unit Management,Manager,SENIOR,General Manager,Manager - General Manager,False,GENERAL MANAGEMENT > Business Leadership > Business Unit Management > Business Unit Management > Manager > General Manager
POS-0179,DEP-08,GENERAL MANAGEMENT,Business Leadership,Regional Management,Regional Management,Associate,ENTRY,Regional Manager,Associate - Regional Manager,False,GENERAL MANAGEMENT > Business Leadership > Regional Management > Regional Management > Associate > Regional Manager
POS-0180,DEP-08,GENERAL MANAGEMENT,Business Leadership,Regional Management,Regional Management,Lead,MID,Senior Regional Manager,Lead - Senior Regional Manager,False,GENERAL MANAGEMENT > Business Leadership > Regional Management > Regional Management > Lead > Senior Regional Manager
POS-0181,DEP-08,GENERAL MANAGEMENT,Business Leadership,Regional Management,Regional Management,Manager,SENIOR,Regional Director,Manager - Regional Director,False,GENERAL MANAGEMENT > Business Leadership > Regional Management > Regional Management > Manager > Regional Director
POS-0182,DEP-08,GENERAL MANAGEMENT,Strategic Management,Strategy,Strategy,Associate,ENTRY,Strategy Analyst,Associate - Strategy Analyst,False,GENERAL MANAGEMENT > Strategic Management > Strategy > Strategy > Associate > Strategy Analyst
POS-0183,DEP-08,GENERAL MANAGEMENT,Strategic Management,Strategy,Strategy,Lead,MID,Strategy Manager,Lead - Strategy Manager,False,GENERAL MANAGEMENT > Strategic Management > Strategy > Strategy > Lead > Strategy Manager
POS-0184,DEP-08,GENERAL MANAGEMENT,Strategic Management,Strategy,Strategy,Manager,SENIOR,Strategy Director,Manager - Strategy Director,False,GENERAL MANAGEMENT > Strategic Management > Strategy > Strategy > Manager > Strategy Director
POS-0185,DEP-08,GENERAL MANAGEMENT,Strategic Management,Corporate Development,Corporate Development,Associate,ENTRY,Corporate Development Analyst,Associate - Corporate Development Analyst,False,GENERAL MANAGEMENT > Strategic Management > Corporate Development > Corporate Development > Associate > Corporate Development Analyst
POS-0186,DEP-08,GENERAL MANAGEMENT,Strategic Management,Corporate Development,Corporate Development,Lead,MID,Corporate Development Manager,Lead - Corporate Development Manager,False,GENERAL MANAGEMENT > Strategic Management > Corporate Development > Corporate Development > Lead > Corporate Development Manager
POS-0187,DEP-08,GENERAL MANAGEMENT,Strategic Management,Corporate Development,Corporate Development,Manager,SENIOR,Corporate Development Director,Manager - Corporate Development Director,False,GENERAL MANAGEMENT > Strategic Management > Corporate Development > Corporate Development > Manager > Corporate Development Director
POS-0188,DEP-08,GENERAL MANAGEMENT,Executive Leadership,Executive Leadership,Executive Leadership,Manager,SENIOR,Vice President,Manager - Vice President,False,GENERAL MANAGEMENT > Executive Leadership > Executive Leadership > Executive Leadership > Manager > Vice President
POS-0189,DEP-08,GENERAL MANAGEMENT,Executive Leadership,Executive Leadership,Executive Leadership,Manager,SENIOR,Executive Vice President,Manager - Executive Vice President,False,GENERAL MANAGEMENT > Executive Leadership > Executive Leadership > Executive Leadership > Manager > Executive Vice President
POS-0190,DEP-08,GENERAL MANAGEMENT,Executive Leadership,Executive Leadership,Executive Leadership,Manager,SENIOR,Chief Executive Officer,Manager - Chief Executive Officer,True,GENERAL MANAGEMENT > Executive Leadership > Executive Leadership > Executive Leadership > Manager > Chief Executive Officer
POS-0191,DEP-09,HARDWARE AND MANUFACTURING,Hardware Engineering,Electrical Engineering,Electrical Engineering,Associate,ENTRY,Electrical Engineer,Associate - Electrical Engineer,False,HARDWARE AND MANUFACTURING > Hardware Engineering > Electrical Engineering > Electrical Engineering > Associate > Electrical Engineer
POS-0192,DEP-09,HARDWARE AND MANUFACTURING,Hardware Engineering,Electrical Engineering,Electrical Engineering,Lead,MID,Senior Electrical Engineer,Lead - Senior Electrical Engineer,False,HARDWARE AND MANUFACTURING > Hardware Engineering > Electrical Engineering > Electrical Engineering > Lead > Senior Electrical Engineer
POS-0193,DEP-09,HARDWARE AND MANUFACTURING,Hardware Engineering,Electrical Engineering,Electrical Engineering,Manager,SENIOR,Principal Electrical Engineer,Manager - Principal Electrical Engineer,False,HARDWARE AND MANUFACTURING > Hardware Engineering > Electrical Engineering > Electrical Engineering > Manager > Principal Electrical Engineer
POS-0194,DEP-09,HARDWARE AND MANUFACTURING,Hardware Engineering,Mechanical Engineering,Mechanical Engineering,Associate,ENTRY,Mechanical Engineer,Associate - Mechanical Engineer,False,HARDWARE AND MANUFACTURING > Hardware Engineering > Mechanical Engineering > Mechanical Engineering > Associate > Mechanical Engineer
POS-0195,DEP-09,HARDWARE AND MANUFACTURING,Hardware Engineering,Mechanical Engineering,Mechanical Engineering,Lead,MID,Senior Mechanical Engineer,Lead - Senior Mechanical Engineer,False,HARDWARE AND MANUFACTURING > Hardware Engineering > Mechanical Engineering > Mechanical Engineering > Lead > Senior Mechanical Engineer
POS-0196,DEP-09,HARDWARE AND MANUFACTURING,Hardware Engineering,Mechanical Engineering,Mechanical Engineering,Manager,SENIOR,Principal Mechanical Engineer,Manager - Principal Mechanical Engineer,False,HARDWARE AND MANUFACTURING > Hardware Engineering > Mechanical Engineering > Mechanical Engineering > Manager > Principal Mechanical Engineer
POS-0197,DEP-09,HARDWARE AND MANUFACTURING,Hardware Engineering,Hardware Systems,Hardware Systems,Associate,ENTRY,Hardware Engineer,Associate - Hardware Engineer,False,HARDWARE AND MANUFACTURING > Hardware Engineering > Hardware Systems > Hardware Systems > Associate > Hardware Engineer
POS-0198,DEP-09,HARDWARE AND MANUFACTURING,Hardware Engineering,Hardware Systems,Hardware Systems,Lead,MID,Senior Hardware Engineer,Lead - Senior Hardware Engineer,False,HARDWARE AND MANUFACTURING > Hardware Engineering > Hardware Systems > Hardware Systems > Lead > Senior Hardware Engineer
POS-0199,DEP-09,HARDWARE AND MANUFACTURING,Hardware Engineering,Hardware Systems,Hardware Systems,Manager,SENIOR,Principal Hardware Engineer,Manager - Principal Hardware Engineer,False,HARDWARE AND MANUFACTURING > Hardware Engineering > Hardware Systems > Hardware Systems > Manager > Principal Hardware Engineer
POS-0200,DEP-09,HARDWARE AND MANUFACTURING,Devices,Device Engineering,Device Engineering,Associate,ENTRY,Device Engineer,Associate - Device Engineer,False,HARDWARE AND MANUFACTURING > Devices > Device Engineering > Device Engineering > Associate > Device Engineer
POS-0201,DEP-09,HARDWARE AND MANUFACTURING,Devices,Device Engineering,Device Engineering,Lead,MID,Senior Device Engineer,Lead - Senior Device Engineer,False,HARDWARE AND MANUFACTURING > Devices > Device Engineering > Device Engineering > Lead > Senior Device Engineer
POS-0202,DEP-09,HARDWARE AND MANUFACTURING,Devices,Device Engineering,Device Engineering,Manager,SENIOR,Principal Device Engineer,Manager - Principal Device Engineer,False,HARDWARE AND MANUFACTURING > Devices > Device Engineering > Device Engineering > Manager > Principal Device Engineer
POS-0203,DEP-09,HARDWARE AND MANUFACTURING,Devices,Device Design,Device Design,Associate,ENTRY,Industrial Designer,Associate - Industrial Designer,False,HARDWARE AND MANUFACTURING > Devices > Device Design > Device Design > Associate > Industrial Designer
POS-0204,DEP-09,HARDWARE AND MANUFACTURING,Devices,Device Design,Device Design,Lead,MID,Senior Industrial Designer,Lead - Senior Industrial Designer,False,HARDWARE AND MANUFACTURING > Devices > Device Design > Device Design > Lead > Senior Industrial Designer
POS-0205,DEP-09,HARDWARE AND MANUFACTURING,Devices,Device Design,Device Design,Manager,SENIOR,Design Director,Manager - Design Director,False,HARDWARE AND MANUFACTURING > Devices > Device Design > Device Design > Manager > Design Director
POS-0206,DEP-09,HARDWARE AND MANUFACTURING,Manufacturing Engineering,Manufacturing Engineering,Manufacturing Engineering,Associate,ENTRY,Manufacturing Engineer,Associate - Manufacturing Engineer,False,HARDWARE AND MANUFACTURING > Manufacturing Engineering > Manufacturing Engineering > Manufacturing Engineering > Associate > Manufacturing Engineer
POS-0207,DEP-09,HARDWARE AND MANUFACTURING,Manufacturing Engineering,Manufacturing Engineering,Manufacturing Engineering,Lead,MID,Senior Manufacturing Engineer,Lead - Senior Manufacturing Engineer,False,HARDWARE AND MANUFACTURING > Manufacturing Engineering > Manufacturing Engineering > Manufacturing Engineering > Lead > Senior Manufacturing Engineer
POS-0208,DEP-09,HARDWARE AND MANUFACTURING,Manufacturing Engineering,Manufacturing Engineering,Manufacturing Engineering,Manager,SENIOR,Principal Manufacturing Engineer,Manager - Principal Manufacturing Engineer,False,HARDWARE AND MANUFACTURING > Manufacturing Engineering > Manufacturing Engineering > Manufacturing Engineering > Manager > Principal Manufacturing Engineer
POS-0209,DEP-09,HARDWARE AND MANUFACTURING,Quality,Quality,Quality,Associate,ENTRY,Quality Engineer,Associate - Quality Engineer,False,HARDWARE AND MANUFACTURING > Quality > Quality > Quality > Associate > Quality Engineer
POS-0210,DEP-09,HARDWARE AND MANUFACTURING,Quality,Quality,Quality,Lead,MID,Senior Quality Engineer,Lead - Senior Quality Engineer,False,HARDWARE AND MANUFACTURING > Quality > Quality > Quality > Lead > Senior Quality Engineer
POS-0211,DEP-09,HARDWARE AND MANUFACTURING,Quality,Quality,Quality,Manager,SENIOR,Quality Manager,Manager - Quality Manager,False,HARDWARE AND MANUFACTURING > Quality > Quality > Quality > Manager > Quality Manager
POS-0212,DEP-09,HARDWARE AND MANUFACTURING,Manufacturing Operations,Manufacturing Operations,Manufacturing Operations,Associate,ENTRY,Manufacturing Technician,Associate - Manufacturing Technician,False,HARDWARE AND MANUFACTURING > Manufacturing Operations > Manufacturing Operations > Manufacturing Operations > Associate > Manufacturing Technician
POS-0213,DEP-09,HARDWARE AND MANUFACTURING,Manufacturing Operations,Manufacturing Operations,Manufacturing Operations,Lead,MID,Manufacturing Supervisor,Lead - Manufacturing Supervisor,False,HARDWARE AND MANUFACTURING > Manufacturing Operations > Manufacturing Operations > Manufacturing Operations > Lead > Manufacturing Supervisor
POS-0214,DEP-09,HARDWARE AND MANUFACTURING,Manufacturing Operations,Manufacturing Operations,Manufacturing Operations,Manager,SENIOR,Manufacturing Manager,Manager - Manufacturing Manager,False,HARDWARE AND MANUFACTURING > Manufacturing Operations > Manufacturing Operations > Manufacturing Operations > Manager > Manufacturing Manager
POS-0215,DEP-10,HUMAN RESOURCES,Talent Acquisition,Recruiting,Recruiting,Associate,ENTRY,Recruiter,Associate - Recruiter,False,HUMAN RESOURCES > Talent Acquisition > Recruiting > Recruiting > Associate > Recruiter
POS-0216,DEP-10,HUMAN RESOURCES,Talent Acquisition,Recruiting,Recruiting,Lead,MID,Senior Recruiter,Lead - Senior Recruiter,False,HUMAN RESOURCES > Talent Acquisition > Recruiting > Recruiting > Lead > Senior Recruiter
POS-0217,DEP-10,HUMAN RESOURCES,Talent Acquisition,Recruiting,Recruiting,Manager,SENIOR,Principal Recruiter,Manager - Principal Recruiter,False,HUMAN RESOURCES > Talent Acquisition > Recruiting > Recruiting > Manager > Principal Recruiter
POS-0218,DEP-10,HUMAN RESOURCES,Talent Acquisition,Executive Recruiting,Executive Recruiting,Associate,ENTRY,Executive Recruiter,Associate - Executive Recruiter,False,HUMAN RESOURCES > Talent Acquisition > Executive Recruiting > Executive Recruiting > Associate > Executive Recruiter
POS-0219,DEP-10,HUMAN RESOURCES,Talent Acquisition,Executive Recruiting,Executive Recruiting,Manager,SENIOR,Executive Recruiting Manager,Manager - Executive Recruiting Manager,False,HUMAN RESOURCES > Talent Acquisition > Executive Recruiting > Executive Recruiting > Manager > Executive Recruiting Manager
POS-0220,DEP-10,HUMAN RESOURCES,HR Business Partnership,HR Advisory,HR Advisory,Associate,ENTRY,HR Business Partner,Associate - HR Business Partner,False,HUMAN RESOURCES > HR Business Partnership > HR Advisory > HR Advisory > Associate > HR Business Partner
POS-0221,DEP-10,HUMAN RESOURCES,HR Business Partnership,HR Advisory,HR Advisory,Lead,MID,Senior HR Business Partner,Lead - Senior HR Business Partner,False,HUMAN RESOURCES > HR Business Partnership > HR Advisory > HR Advisory > Lead > Senior HR Business Partner
POS-0222,DEP-10,HUMAN RESOURCES,HR Business Partnership,HR Advisory,HR Advisory,Manager,SENIOR,Principal HR Business Partner,Manager - Principal HR Business Partner,False,HUMAN RESOURCES > HR Business Partnership > HR Advisory > HR Advisory > Manager > Principal HR Business Partner
POS-0223,DEP-10,HUMAN RESOURCES,HR Business Partnership,People Operations,People Operations,Associate,ENTRY,HR Specialist,Associate - HR Specialist,False,HUMAN RESOURCES > HR Business Partnership > People Operations > People Operations > Associate > HR Specialist
POS-0224,DEP-10,HUMAN RESOURCES,HR Business Partnership,People Operations,People Operations,Lead,MID,HR Manager,Lead - HR Manager,False,HUMAN RESOURCES > HR Business Partnership > People Operations > People Operations > Lead > HR Manager
POS-0225,DEP-10,HUMAN RESOURCES,HR Business Partnership,People Operations,People Operations,Manager,SENIOR,HR Director,Manager - HR Director,False,HUMAN RESOURCES > HR Business Partnership > People Operations > People Operations > Manager > HR Director
POS-0226,DEP-10,HUMAN RESOURCES,Compensation and Benefits,Compensation,Compensation,Associate,ENTRY,Compensation Analyst,Associate - Compensation Analyst,False,HUMAN RESOURCES > Compensation and Benefits > Compensation > Compensation > Associate > Compensation Analyst
POS-0227,DEP-10,HUMAN RESOURCES,Compensation and Benefits,Compensation,Compensation,Lead,MID,Senior Compensation Analyst,Lead - Senior Compensation Analyst,False,HUMAN RESOURCES > Compensation and Benefits > Compensation > Compensation > Lead > Senior Compensation Analyst
POS-0228,DEP-10,HUMAN RESOURCES,Compensation and Benefits,Compensation,Compensation,Manager,SENIOR,Compensation Manager,Manager - Compensation Manager,False,HUMAN RESOURCES > Compensation and Benefits > Compensation > Compensation > Manager > Compensation Manager
POS-0229,DEP-10,HUMAN RESOURCES,Compensation and Benefits,Benefits,Benefits,Associate,ENTRY,Benefits Analyst,Associate - Benefits Analyst,False,HUMAN RESOURCES > Compensation and Benefits > Benefits > Benefits > Associate > Benefits Analyst
POS-0230,DEP-10,HUMAN RESOURCES,Compensation and Benefits,Benefits,Benefits,Lead,MID,Senior Benefits Analyst,Lead - Senior Benefits Analyst,False,HUMAN RESOURCES > Compensation and Benefits > Benefits > Benefits > Lead > Senior Benefits Analyst
POS-0231,DEP-10,HUMAN RESOURCES,Compensation and Benefits,Benefits,Benefits,Manager,SENIOR,Benefits Manager,Manager - Benefits Manager,False,HUMAN RESOURCES > Compensation and Benefits > Benefits > Benefits > Manager > Benefits Manager
POS-0232,DEP-10,HUMAN RESOURCES,Talent Management,Performance Management,Performance Management,Associate,ENTRY,Performance Management Specialist,Associate - Performance Management Specialist,False,HUMAN RESOURCES > Talent Management > Performance Management > Performance Management > Associate > Performance Management Specialist
POS-0233,DEP-10,HUMAN RESOURCES,Talent Management,Performance Management,Performance Management,Manager,SENIOR,Performance Management Manager,Manager - Performance Management Manager,False,HUMAN RESOURCES > Talent Management > Performance Management > Performance Management > Manager > Performance Management Manager
POS-0234,DEP-10,HUMAN RESOURCES,Talent Management,Career Development,Career Development,Associate,ENTRY,Career Development Specialist,Associate - Career Development Specialist,False,HUMAN RESOURCES > Talent Management > Career Development > Career Development > Associate > Career Development Specialist
POS-0235,DEP-10,HUMAN RESOURCES,Talent Management,Career Development,Career Development,Manager,SENIOR,Career Development Manager,Manager - Career Development Manager,False,HUMAN RESOURCES > Talent Management > Career Development > Career Development > Manager > Career Development Manager
POS-0236,DEP-10,HUMAN RESOURCES,Talent Management,Leadership Development,Leadership Development,Associate,ENTRY,Leadership Development Specialist,Associate - Leadership Development Specialist,False,HUMAN RESOURCES > Talent Management > Leadership Development > Leadership Development > Associate > Leadership Development Specialist
POS-0237,DEP-10,HUMAN RESOURCES,Talent Management,Leadership Development,Leadership Development,Manager,SENIOR,Leadership Development Manager,Manager - Leadership Development Manager,False,HUMAN RESOURCES > Talent Management > Leadership Development > Leadership Development > Manager > Leadership Development Manager
POS-0238,DEP-10,HUMAN RESOURCES,HR Data Analytics,HR Data Analytics,HR Data Analytics,Associate,ENTRY,HR Data Analyst,Associate - HR Data Analyst,False,HUMAN RESOURCES > HR Data Analytics > HR Data Analytics > HR Data Analytics > Associate > HR Data Analyst
POS-0239,DEP-10,HUMAN RESOURCES,HR Data Analytics,HR Data Analytics,HR Data Analytics,Lead,MID,Senior HR Data Analyst,Lead - Senior HR Data Analyst,False,HUMAN RESOURCES > HR Data Analytics > HR Data Analytics > HR Data Analytics > Lead > Senior HR Data Analyst
POS-0240,DEP-10,HUMAN RESOURCES,HR Data Analytics,HR Data Analytics,HR Data Analytics,Manager,SENIOR,Principal HR Data Analyst,Manager - Principal HR Data Analyst,False,HUMAN RESOURCES > HR Data Analytics > HR Data Analytics > HR Data Analytics > Manager > Principal HR Data Analyst
POS-0241,DEP-10,HUMAN RESOURCES,People Analytics,People Analytics,People Analytics,Associate,ENTRY,People Analytics Manager,Associate - People Analytics Manager,False,HUMAN RESOURCES > People Analytics > People Analytics > People Analytics > Associate > People Analytics Manager
POS-0242,DEP-10,HUMAN RESOURCES,People Analytics,People Analytics,People Analytics,Manager,SENIOR,People Analytics Director,Manager - People Analytics Director,False,HUMAN RESOURCES > People Analytics > People Analytics > People Analytics > Manager > People Analytics Director
POS-0243,DEP-11,LEARNING,Learning and Development,Employee Development,Employee Development,Associate,ENTRY,Learning Specialist,Associate - Learning Specialist,False,LEARNING > Learning and Development > Employee Development > Employee Development > Associate > Learning Specialist
POS-0244,DEP-11,LEARNING,Learning and Development,Employee Development,Employee Development,Lead,MID,Senior Learning Specialist,Lead - Senior Learning Specialist,False,LEARNING > Learning and Development > Employee Development > Employee Development > Lead > Senior Learning Specialist
POS-0245,DEP-11,LEARNING,Learning and Development,Employee Development,Employee Development,Manager,SENIOR,Learning Manager,Manager - Learning Manager,False,LEARNING > Learning and Development > Employee Development > Employee Development > Manager > Learning Manager
POS-0246,DEP-11,LEARNING,Learning and Development,Leadership Development,Leadership Development,Associate,ENTRY,Leadership Development Specialist,Associate - Leadership Development Specialist,False,LEARNING > Learning and Development > Leadership Development > Leadership Development > Associate > Leadership Development Specialist
POS-0247,DEP-11,LEARNING,Learning and Development,Leadership Development,Leadership Development,Lead,MID,Senior Leadership Development Specialist,Lead - Senior Leadership Development Specialist,False,LEARNING > Learning and Development > Leadership Development > Leadership Development > Lead > Senior Leadership Development Specialist
POS-0248,DEP-11,LEARNING,Learning and Development,Leadership Development,Leadership Development,Manager,SENIOR,Leadership Development Manager,Manager - Leadership Development Manager,False,LEARNING > Learning and Development > Leadership Development > Leadership Development > Manager > Leadership Development Manager
POS-0249,DEP-11,LEARNING,Instructional Design,Digital Learning,Digital Learning,Associate,ENTRY,Instructional Designer,Associate - Instructional Designer,False,LEARNING > Instructional Design > Digital Learning > Digital Learning > Associate > Instructional Designer
POS-0250,DEP-11,LEARNING,Instructional Design,Digital Learning,Digital Learning,Lead,MID,Senior Instructional Designer,Lead - Senior Instructional Designer,False,LEARNING > Instructional Design > Digital Learning > Digital Learning > Lead > Senior Instructional Designer
POS-0251,DEP-11,LEARNING,Instructional Design,Digital Learning,Digital Learning,Manager,SENIOR,Principal Instructional Designer,Manager - Principal Instructional Designer,False,LEARNING > Instructional Design > Digital Learning > Digital Learning > Manager > Principal Instructional Designer
POS-0252,DEP-11,LEARNING,Instructional Design,Learning Content,Learning Content,Associate,ENTRY,Learning Content Developer,Associate - Learning Content Developer,False,LEARNING > Instructional Design > Learning Content > Learning Content > Associate > Learning Content Developer
POS-0253,DEP-11,LEARNING,Instructional Design,Learning Content,Learning Content,Manager,SENIOR,Senior Learning Content Developer,Manager - Senior Learning Content Developer,False,LEARNING > Instructional Design > Learning Content > Learning Content > Manager > Senior Learning Content Developer
POS-0254,DEP-11,LEARNING,Technical Education,Technical Education,Technical Education,Associate,ENTRY,Technical Trainer,Associate - Technical Trainer,False,LEARNING > Technical Education > Technical Education > Technical Education > Associate > Technical Trainer
POS-0255,DEP-11,LEARNING,Technical Education,Technical Education,Technical Education,Lead,MID,Senior Technical Trainer,Lead - Senior Technical Trainer,False,LEARNING > Technical Education > Technical Education > Technical Education > Lead > Senior Technical Trainer
POS-0256,DEP-11,LEARNING,Technical Education,Technical Education,Technical Education,Manager,SENIOR,Technical Training Manager,Manager - Technical Training Manager,False,LEARNING > Technical Education > Technical Education > Technical Education > Manager > Technical Training Manager
POS-0257,DEP-11,LEARNING,Certification,Certification,Certification,Associate,ENTRY,Certification Specialist,Associate - Certification Specialist,False,LEARNING > Certification > Certification > Certification > Associate > Certification Specialist
POS-0258,DEP-11,LEARNING,Certification,Certification,Certification,Manager,SENIOR,Certification Program Manager,Manager - Certification Program Manager,False,LEARNING > Certification > Certification > Certification > Manager > Certification Program Manager
POS-0259,DEP-12,LEGAL AND CORPORATE AFFAIRS,Corporate Legal,Commercial Legal,Commercial Legal,Associate,ENTRY,Corporate Counsel,Associate - Corporate Counsel,False,LEGAL AND CORPORATE AFFAIRS > Corporate Legal > Commercial Legal > Commercial Legal > Associate > Corporate Counsel
POS-0260,DEP-12,LEGAL AND CORPORATE AFFAIRS,Corporate Legal,Commercial Legal,Commercial Legal,Lead,MID,Senior Corporate Counsel,Lead - Senior Corporate Counsel,False,LEGAL AND CORPORATE AFFAIRS > Corporate Legal > Commercial Legal > Commercial Legal > Lead > Senior Corporate Counsel
POS-0261,DEP-12,LEGAL AND CORPORATE AFFAIRS,Corporate Legal,Commercial Legal,Commercial Legal,Manager,SENIOR,Principal Corporate Counsel,Manager - Principal Corporate Counsel,False,LEGAL AND CORPORATE AFFAIRS > Corporate Legal > Commercial Legal > Commercial Legal > Manager > Principal Corporate Counsel
POS-0262,DEP-12,LEGAL AND CORPORATE AFFAIRS,Corporate Legal,Technology Law,Technology Law,Associate,ENTRY,Technology Counsel,Associate - Technology Counsel,False,LEGAL AND CORPORATE AFFAIRS > Corporate Legal > Technology Law > Technology Law > Associate > Technology Counsel
POS-0263,DEP-12,LEGAL AND CORPORATE AFFAIRS,Corporate Legal,Technology Law,Technology Law,Manager,SENIOR,Senior Technology Counsel,Manager - Senior Technology Counsel,False,LEGAL AND CORPORATE AFFAIRS > Corporate Legal > Technology Law > Technology Law > Manager > Senior Technology Counsel
POS-0264,DEP-12,LEGAL AND CORPORATE AFFAIRS,Corporate Legal,Employment Law,Employment Law,Associate,ENTRY,Employment Counsel,Associate - Employment Counsel,False,LEGAL AND CORPORATE AFFAIRS > Corporate Legal > Employment Law > Employment Law > Associate > Employment Counsel
POS-0265,DEP-12,LEGAL AND CORPORATE AFFAIRS,Corporate Legal,Employment Law,Employment Law,Manager,SENIOR,Senior Employment Counsel,Manager - Senior Employment Counsel,False,LEGAL AND CORPORATE AFFAIRS > Corporate Legal > Employment Law > Employment Law > Manager > Senior Employment Counsel
POS-0266,DEP-12,LEGAL AND CORPORATE AFFAIRS,Policy,Technology Policy,Technology Policy,Associate,ENTRY,Policy Analyst,Associate - Policy Analyst,False,LEGAL AND CORPORATE AFFAIRS > Policy > Technology Policy > Technology Policy > Associate > Policy Analyst
POS-0267,DEP-12,LEGAL AND CORPORATE AFFAIRS,Policy,Technology Policy,Technology Policy,Lead,MID,Senior Policy Analyst,Lead - Senior Policy Analyst,False,LEGAL AND CORPORATE AFFAIRS > Policy > Technology Policy > Technology Policy > Lead > Senior Policy Analyst
POS-0268,DEP-12,LEGAL AND CORPORATE AFFAIRS,Policy,Technology Policy,Technology Policy,Manager,SENIOR,Policy Director,Manager - Policy Director,False,LEGAL AND CORPORATE AFFAIRS > Policy > Technology Policy > Technology Policy > Manager > Policy Director
POS-0269,DEP-12,LEGAL AND CORPORATE AFFAIRS,Policy,Public Policy,Public Policy,Associate,ENTRY,Public Policy Manager,Associate - Public Policy Manager,False,LEGAL AND CORPORATE AFFAIRS > Policy > Public Policy > Public Policy > Associate > Public Policy Manager
POS-0270,DEP-12,LEGAL AND CORPORATE AFFAIRS,Policy,Public Policy,Public Policy,Manager,SENIOR,Public Policy Director,Manager - Public Policy Director,False,LEGAL AND CORPORATE AFFAIRS > Policy > Public Policy > Public Policy > Manager > Public Policy Director
POS-0271,DEP-12,LEGAL AND CORPORATE AFFAIRS,Regulatory Compliance,Regulatory Compliance,Regulatory Compliance,Associate,ENTRY,Regulatory Analyst,Associate - Regulatory Analyst,False,LEGAL AND CORPORATE AFFAIRS > Regulatory Compliance > Regulatory Compliance > Regulatory Compliance > Associate > Regulatory Analyst
POS-0272,DEP-12,LEGAL AND CORPORATE AFFAIRS,Regulatory Compliance,Regulatory Compliance,Regulatory Compliance,Manager,SENIOR,Regulatory Manager,Manager - Regulatory Manager,False,LEGAL AND CORPORATE AFFAIRS > Regulatory Compliance > Regulatory Compliance > Regulatory Compliance > Manager > Regulatory Manager
POS-0273,DEP-12,LEGAL AND CORPORATE AFFAIRS,Government Affairs,Government Affairs,Government Affairs,Associate,ENTRY,Government Affairs Specialist,Associate - Government Affairs Specialist,False,LEGAL AND CORPORATE AFFAIRS > Government Affairs > Government Affairs > Government Affairs > Associate > Government Affairs Specialist
POS-0274,DEP-12,LEGAL AND CORPORATE AFFAIRS,Government Affairs,Government Affairs,Government Affairs,Lead,MID,Government Affairs Manager,Lead - Government Affairs Manager,False,LEGAL AND CORPORATE AFFAIRS > Government Affairs > Government Affairs > Government Affairs > Lead > Government Affairs Manager
POS-0275,DEP-12,LEGAL AND CORPORATE AFFAIRS,Government Affairs,Government Affairs,Government Affairs,Manager,SENIOR,Government Affairs Director,Manager - Government Affairs Director,False,LEGAL AND CORPORATE AFFAIRS > Government Affairs > Government Affairs > Government Affairs > Manager > Government Affairs Director
POS-0276,DEP-13,MARKETING,Product Marketing,Product Strategy,Product Strategy,Associate,ENTRY,Product Marketing Manager,Associate - Product Marketing Manager,False,MARKETING > Product Marketing > Product Strategy > Product Strategy > Associate > Product Marketing Manager
POS-0277,DEP-13,MARKETING,Product Marketing,Product Strategy,Product Strategy,Lead,MID,Senior Product Marketing Manager,Lead - Senior Product Marketing Manager,False,MARKETING > Product Marketing > Product Strategy > Product Strategy > Lead > Senior Product Marketing Manager
POS-0278,DEP-13,MARKETING,Product Marketing,Product Strategy,Product Strategy,Manager,SENIOR,Principal Product Marketing Manager,Manager - Principal Product Marketing Manager,False,MARKETING > Product Marketing > Product Strategy > Product Strategy > Manager > Principal Product Marketing Manager
POS-0279,DEP-13,MARKETING,Product Marketing,Go-to-Market,Go-to-Market,Associate,ENTRY,Marketing Manager,Associate - Marketing Manager,False,MARKETING > Product Marketing > Go-to-Market > Go-to-Market > Associate > Marketing Manager
POS-0280,DEP-13,MARKETING,Product Marketing,Go-to-Market,Go-to-Market,Manager,SENIOR,Go-to-Market Director,Manager - Go-to-Market Director,False,MARKETING > Product Marketing > Go-to-Market > Go-to-Market > Manager > Go-to-Market Director
POS-0281,DEP-13,MARKETING,Brand Marketing,Brand Strategy,Brand Strategy,Associate,ENTRY,Brand Manager,Associate - Brand Manager,False,MARKETING > Brand Marketing > Brand Strategy > Brand Strategy > Associate > Brand Manager
POS-0282,DEP-13,MARKETING,Brand Marketing,Brand Strategy,Brand Strategy,Lead,MID,Senior Brand Manager,Lead - Senior Brand Manager,False,MARKETING > Brand Marketing > Brand Strategy > Brand Strategy > Lead > Senior Brand Manager
POS-0283,DEP-13,MARKETING,Brand Marketing,Brand Strategy,Brand Strategy,Manager,SENIOR,Brand Director,Manager - Brand Director,False,MARKETING > Brand Marketing > Brand Strategy > Brand Strategy > Manager > Brand Director
POS-0284,DEP-13,MARKETING,Brand Marketing,Creative Marketing,Creative Marketing,Associate,ENTRY,Creative Strategist,Associate - Creative Strategist,False,MARKETING > Brand Marketing > Creative Marketing > Creative Marketing > Associate > Creative Strategist
POS-0285,DEP-13,MARKETING,Brand Marketing,Creative Marketing,Creative Marketing,Manager,SENIOR,Creative Director,Manager - Creative Director,False,MARKETING > Brand Marketing > Creative Marketing > Creative Marketing > Manager > Creative Director
POS-0286,DEP-13,MARKETING,Advertising,Advertising Strategy,Advertising Strategy,Associate,ENTRY,Advertising Manager,Associate - Advertising Manager,False,MARKETING > Advertising > Advertising Strategy > Advertising Strategy > Associate > Advertising Manager
POS-0287,DEP-13,MARKETING,Advertising,Advertising Strategy,Advertising Strategy,Manager,SENIOR,Advertising Director,Manager - Advertising Director,False,MARKETING > Advertising > Advertising Strategy > Advertising Strategy > Manager > Advertising Director
POS-0288,DEP-13,MARKETING,Advertising,Advertising Operations,Advertising Operations,Associate,ENTRY,Advertising Operations Specialist,Associate - Advertising Operations Specialist,False,MARKETING > Advertising > Advertising Operations > Advertising Operations > Associate > Advertising Operations Specialist
POS-0289,DEP-13,MARKETING,Advertising,Advertising Operations,Advertising Operations,Manager,SENIOR,Advertising Operations Manager,Manager - Advertising Operations Manager,False,MARKETING > Advertising > Advertising Operations > Advertising Operations > Manager > Advertising Operations Manager
POS-0290,DEP-13,MARKETING,Media,Media Planning,Media Planning,Associate,ENTRY,Media Planner,Associate - Media Planner,False,MARKETING > Media > Media Planning > Media Planning > Associate > Media Planner
POS-0291,DEP-13,MARKETING,Media,Media Planning,Media Planning,Lead,MID,Senior Media Planner,Lead - Senior Media Planner,False,MARKETING > Media > Media Planning > Media Planning > Lead > Senior Media Planner
POS-0292,DEP-13,MARKETING,Media,Media Planning,Media Planning,Manager,SENIOR,Media Director,Manager - Media Director,False,MARKETING > Media > Media Planning > Media Planning > Manager > Media Director
POS-0293,DEP-13,MARKETING,Media,Digital Media,Digital Media,Associate,ENTRY,Digital Marketing Specialist,Associate - Digital Marketing Specialist,False,MARKETING > Media > Digital Media > Digital Media > Associate > Digital Marketing Specialist
POS-0294,DEP-13,MARKETING,Media,Digital Media,Digital Media,Manager,SENIOR,Digital Marketing Manager,Manager - Digital Marketing Manager,False,MARKETING > Media > Digital Media > Digital Media > Manager > Digital Marketing Manager
POS-0295,DEP-13,MARKETING,External Communications,External Communications,External Communications,Associate,ENTRY,Communications Specialist,Associate - Communications Specialist,False,MARKETING > External Communications > External Communications > External Communications > Associate > Communications Specialist
POS-0296,DEP-13,MARKETING,External Communications,External Communications,External Communications,Lead,MID,Senior Communications Specialist,Lead - Senior Communications Specialist,False,MARKETING > External Communications > External Communications > External Communications > Lead > Senior Communications Specialist
POS-0297,DEP-13,MARKETING,External Communications,External Communications,External Communications,Manager,SENIOR,Communications Manager,Manager - Communications Manager,False,MARKETING > External Communications > External Communications > External Communications > Manager > Communications Manager
POS-0298,DEP-13,MARKETING,Internal Communications,Internal Communications,Internal Communications,Associate,ENTRY,Communications Specialist,Associate - Communications Specialist,False,MARKETING > Internal Communications > Internal Communications > Internal Communications > Associate > Communications Specialist
POS-0299,DEP-13,MARKETING,Internal Communications,Internal Communications,Internal Communications,Manager,SENIOR,Internal Communications Manager,Manager - Internal Communications Manager,False,MARKETING > Internal Communications > Internal Communications > Internal Communications > Manager > Internal Communications Manager
POS-0300,DEP-14,OPERATIONS AND SUPPLY CHAIN,Supply Chain Management,Procurement,Procurement,Associate,ENTRY,Procurement Analyst,Associate - Procurement Analyst,False,OPERATIONS AND SUPPLY CHAIN > Supply Chain Management > Procurement > Procurement > Associate > Procurement Analyst
POS-0301,DEP-14,OPERATIONS AND SUPPLY CHAIN,Supply Chain Management,Procurement,Procurement,Lead,MID,Senior Procurement Analyst,Lead - Senior Procurement Analyst,False,OPERATIONS AND SUPPLY CHAIN > Supply Chain Management > Procurement > Procurement > Lead > Senior Procurement Analyst
POS-0302,DEP-14,OPERATIONS AND SUPPLY CHAIN,Supply Chain Management,Procurement,Procurement,Manager,SENIOR,Procurement Manager,Manager - Procurement Manager,False,OPERATIONS AND SUPPLY CHAIN > Supply Chain Management > Procurement > Procurement > Manager > Procurement Manager
POS-0303,DEP-14,OPERATIONS AND SUPPLY CHAIN,Supply Chain Management,Planning,Planning,Associate,ENTRY,Supply Chain Planner,Associate - Supply Chain Planner,False,OPERATIONS AND SUPPLY CHAIN > Supply Chain Management > Planning > Planning > Associate > Supply Chain Planner
POS-0304,DEP-14,OPERATIONS AND SUPPLY CHAIN,Supply Chain Management,Planning,Planning,Lead,MID,Senior Supply Chain Planner,Lead - Senior Supply Chain Planner,False,OPERATIONS AND SUPPLY CHAIN > Supply Chain Management > Planning > Planning > Lead > Senior Supply Chain Planner
POS-0305,DEP-14,OPERATIONS AND SUPPLY CHAIN,Supply Chain Management,Planning,Planning,Manager,SENIOR,Planning Manager,Manager - Planning Manager,False,OPERATIONS AND SUPPLY CHAIN > Supply Chain Management > Planning > Planning > Manager > Planning Manager
POS-0306,DEP-14,OPERATIONS AND SUPPLY CHAIN,Supply Chain Management,Logistics,Logistics,Associate,ENTRY,Logistics Analyst,Associate - Logistics Analyst,False,OPERATIONS AND SUPPLY CHAIN > Supply Chain Management > Logistics > Logistics > Associate > Logistics Analyst
POS-0307,DEP-14,OPERATIONS AND SUPPLY CHAIN,Supply Chain Management,Logistics,Logistics,Lead,MID,Logistics Manager,Lead - Logistics Manager,False,OPERATIONS AND SUPPLY CHAIN > Supply Chain Management > Logistics > Logistics > Lead > Logistics Manager
POS-0308,DEP-14,OPERATIONS AND SUPPLY CHAIN,Supply Chain Management,Logistics,Logistics,Manager,SENIOR,Logistics Director,Manager - Logistics Director,False,OPERATIONS AND SUPPLY CHAIN > Supply Chain Management > Logistics > Logistics > Manager > Logistics Director
POS-0309,DEP-14,OPERATIONS AND SUPPLY CHAIN,Data Center Operations,Infrastructure Operations,Infrastructure Operations,Associate,ENTRY,Data Center Technician,Associate - Data Center Technician,False,OPERATIONS AND SUPPLY CHAIN > Data Center Operations > Infrastructure Operations > Infrastructure Operations > Associate > Data Center Technician
POS-0310,DEP-14,OPERATIONS AND SUPPLY CHAIN,Data Center Operations,Infrastructure Operations,Infrastructure Operations,Lead,MID,Senior Data Center Technician,Lead - Senior Data Center Technician,False,OPERATIONS AND SUPPLY CHAIN > Data Center Operations > Infrastructure Operations > Infrastructure Operations > Lead > Senior Data Center Technician
POS-0311,DEP-14,OPERATIONS AND SUPPLY CHAIN,Data Center Operations,Infrastructure Operations,Infrastructure Operations,Manager,SENIOR,Data Center Operations Manager,Manager - Data Center Operations Manager,False,OPERATIONS AND SUPPLY CHAIN > Data Center Operations > Infrastructure Operations > Infrastructure Operations > Manager > Data Center Operations Manager
POS-0312,DEP-14,OPERATIONS AND SUPPLY CHAIN,Data Center Operations,Facility Operations,Facility Operations,Associate,ENTRY,Facility Technician,Associate - Facility Technician,False,OPERATIONS AND SUPPLY CHAIN > Data Center Operations > Facility Operations > Facility Operations > Associate > Facility Technician
POS-0313,DEP-14,OPERATIONS AND SUPPLY CHAIN,Data Center Operations,Facility Operations,Facility Operations,Lead,MID,Facility Manager,Lead - Facility Manager,False,OPERATIONS AND SUPPLY CHAIN > Data Center Operations > Facility Operations > Facility Operations > Lead > Facility Manager
POS-0314,DEP-14,OPERATIONS AND SUPPLY CHAIN,Data Center Operations,Facility Operations,Facility Operations,Manager,SENIOR,Data Center Director,Manager - Data Center Director,False,OPERATIONS AND SUPPLY CHAIN > Data Center Operations > Facility Operations > Facility Operations > Manager > Data Center Director
POS-0315,DEP-14,OPERATIONS AND SUPPLY CHAIN,Process Management,Process Management,Process Management,Associate,ENTRY,Operations Analyst,Associate - Operations Analyst,False,OPERATIONS AND SUPPLY CHAIN > Process Management > Process Management > Process Management > Associate > Operations Analyst
POS-0316,DEP-14,OPERATIONS AND SUPPLY CHAIN,Process Management,Process Management,Process Management,Lead,MID,Senior Operations Analyst,Lead - Senior Operations Analyst,False,OPERATIONS AND SUPPLY CHAIN > Process Management > Process Management > Process Management > Lead > Senior Operations Analyst
POS-0317,DEP-14,OPERATIONS AND SUPPLY CHAIN,Process Management,Process Management,Process Management,Manager,SENIOR,Operations Manager,Manager - Operations Manager,False,OPERATIONS AND SUPPLY CHAIN > Process Management > Process Management > Process Management > Manager > Operations Manager
POS-0318,DEP-14,OPERATIONS AND SUPPLY CHAIN,Operational Excellence,Operational Excellence,Operational Excellence,Associate,ENTRY,Process Improvement Analyst,Associate - Process Improvement Analyst,False,OPERATIONS AND SUPPLY CHAIN > Operational Excellence > Operational Excellence > Operational Excellence > Associate > Process Improvement Analyst
POS-0319,DEP-14,OPERATIONS AND SUPPLY CHAIN,Operational Excellence,Operational Excellence,Operational Excellence,Lead,MID,Process Improvement Manager,Lead - Process Improvement Manager,False,OPERATIONS AND SUPPLY CHAIN > Operational Excellence > Operational Excellence > Operational Excellence > Lead > Process Improvement Manager
POS-0320,DEP-14,OPERATIONS AND SUPPLY CHAIN,Operational Excellence,Operational Excellence,Operational Excellence,Manager,SENIOR,Operations Director,Manager - Operations Director,False,OPERATIONS AND SUPPLY CHAIN > Operational Excellence > Operational Excellence > Operational Excellence > Manager > Operations Director
POS-0321,DEP-15,PRODUCT AND PROGRAM MANAGEMENT,Product Management,Product Strategy,Product Strategy,Associate,ENTRY,Product Manager,Associate - Product Manager,False,PRODUCT AND PROGRAM MANAGEMENT > Product Management > Product Strategy > Product Strategy > Associate > Product Manager
POS-0322,DEP-15,PRODUCT AND PROGRAM MANAGEMENT,Product Management,Product Strategy,Product Strategy,Lead,MID,Senior Product Manager,Lead - Senior Product Manager,False,PRODUCT AND PROGRAM MANAGEMENT > Product Management > Product Strategy > Product Strategy > Lead > Senior Product Manager
POS-0323,DEP-15,PRODUCT AND PROGRAM MANAGEMENT,Product Management,Product Strategy,Product Strategy,Manager,SENIOR,Principal Product Manager,Manager - Principal Product Manager,False,PRODUCT AND PROGRAM MANAGEMENT > Product Management > Product Strategy > Product Strategy > Manager > Principal Product Manager
POS-0324,DEP-15,PRODUCT AND PROGRAM MANAGEMENT,Product Management,Product Strategy,Product Strategy,Manager,SENIOR,Partner Product Manager,Manager - Partner Product Manager,False,PRODUCT AND PROGRAM MANAGEMENT > Product Management > Product Strategy > Product Strategy > Manager > Partner Product Manager
POS-0325,DEP-15,PRODUCT AND PROGRAM MANAGEMENT,Product Management,Product Planning,Product Planning,Associate,ENTRY,Product Manager,Associate - Product Manager,False,PRODUCT AND PROGRAM MANAGEMENT > Product Management > Product Planning > Product Planning > Associate > Product Manager
POS-0326,DEP-15,PRODUCT AND PROGRAM MANAGEMENT,Product Management,Product Planning,Product Planning,Manager,SENIOR,Senior Product Manager,Manager - Senior Product Manager,False,PRODUCT AND PROGRAM MANAGEMENT > Product Management > Product Planning > Product Planning > Manager > Senior Product Manager
POS-0327,DEP-15,PRODUCT AND PROGRAM MANAGEMENT,Product Management,Product Operations,Product Operations,Associate,ENTRY,Product Operations Manager,Associate - Product Operations Manager,False,PRODUCT AND PROGRAM MANAGEMENT > Product Management > Product Operations > Product Operations > Associate > Product Operations Manager
POS-0328,DEP-15,PRODUCT AND PROGRAM MANAGEMENT,Product Management,Product Operations,Product Operations,Manager,SENIOR,Senior Product Operations Manager,Manager - Senior Product Operations Manager,False,PRODUCT AND PROGRAM MANAGEMENT > Product Management > Product Operations > Product Operations > Manager > Senior Product Operations Manager
POS-0329,DEP-15,PRODUCT AND PROGRAM MANAGEMENT,Program Management,Technical Program Management,Technical Program Management,Associate,ENTRY,Technical Program Manager,Associate - Technical Program Manager,False,PRODUCT AND PROGRAM MANAGEMENT > Program Management > Technical Program Management > Technical Program Management > Associate > Technical Program Manager
POS-0330,DEP-15,PRODUCT AND PROGRAM MANAGEMENT,Program Management,Technical Program Management,Technical Program Management,Lead,MID,Senior Technical Program Manager,Lead - Senior Technical Program Manager,False,PRODUCT AND PROGRAM MANAGEMENT > Program Management > Technical Program Management > Technical Program Management > Lead > Senior Technical Program Manager
POS-0331,DEP-15,PRODUCT AND PROGRAM MANAGEMENT,Program Management,Technical Program Management,Technical Program Management,Manager,SENIOR,Principal Technical Program Manager,Manager - Principal Technical Program Manager,False,PRODUCT AND PROGRAM MANAGEMENT > Program Management > Technical Program Management > Technical Program Management > Manager > Principal Technical Program Manager
POS-0332,DEP-15,PRODUCT AND PROGRAM MANAGEMENT,Program Management,Business Program Management,Business Program Management,Associate,ENTRY,Program Manager,Associate - Program Manager,False,PRODUCT AND PROGRAM MANAGEMENT > Program Management > Business Program Management > Business Program Management > Associate > Program Manager
POS-0333,DEP-15,PRODUCT AND PROGRAM MANAGEMENT,Program Management,Business Program Management,Business Program Management,Lead,MID,Senior Program Manager,Lead - Senior Program Manager,False,PRODUCT AND PROGRAM MANAGEMENT > Program Management > Business Program Management > Business Program Management > Lead > Senior Program Manager
POS-0334,DEP-15,PRODUCT AND PROGRAM MANAGEMENT,Program Management,Business Program Management,Business Program Management,Manager,SENIOR,Principal Program Manager,Manager - Principal Program Manager,False,PRODUCT AND PROGRAM MANAGEMENT > Program Management > Business Program Management > Business Program Management > Manager > Principal Program Manager
POS-0335,DEP-15,PRODUCT AND PROGRAM MANAGEMENT,Program Management,Project Management,Project Management,Associate,ENTRY,Project Manager,Associate - Project Manager,False,PRODUCT AND PROGRAM MANAGEMENT > Program Management > Project Management > Project Management > Associate > Project Manager
POS-0336,DEP-15,PRODUCT AND PROGRAM MANAGEMENT,Program Management,Project Management,Project Management,Lead,MID,Senior Project Manager,Lead - Senior Project Manager,False,PRODUCT AND PROGRAM MANAGEMENT > Program Management > Project Management > Project Management > Lead > Senior Project Manager
POS-0337,DEP-15,PRODUCT AND PROGRAM MANAGEMENT,Program Management,Project Management,Project Management,Manager,SENIOR,Program Director,Manager - Program Director,False,PRODUCT AND PROGRAM MANAGEMENT > Program Management > Project Management > Project Management > Manager > Program Director
POS-0338,DEP-15,PRODUCT AND PROGRAM MANAGEMENT,Portfolio Analysis,Portfolio Analysis,Portfolio Analysis,Associate,ENTRY,Portfolio Analyst,Associate - Portfolio Analyst,False,PRODUCT AND PROGRAM MANAGEMENT > Portfolio Analysis > Portfolio Analysis > Portfolio Analysis > Associate > Portfolio Analyst
POS-0339,DEP-15,PRODUCT AND PROGRAM MANAGEMENT,Portfolio Analysis,Portfolio Analysis,Portfolio Analysis,Manager,SENIOR,Senior Portfolio Analyst,Manager - Senior Portfolio Analyst,False,PRODUCT AND PROGRAM MANAGEMENT > Portfolio Analysis > Portfolio Analysis > Portfolio Analysis > Manager > Senior Portfolio Analyst
POS-0340,DEP-15,PRODUCT AND PROGRAM MANAGEMENT,Portfolio Management,Portfolio Management,Portfolio Management,Associate,ENTRY,Portfolio Manager,Associate - Portfolio Manager,False,PRODUCT AND PROGRAM MANAGEMENT > Portfolio Management > Portfolio Management > Portfolio Management > Associate > Portfolio Manager
POS-0341,DEP-15,PRODUCT AND PROGRAM MANAGEMENT,Portfolio Management,Portfolio Management,Portfolio Management,Manager,SENIOR,Portfolio Director,Manager - Portfolio Director,False,PRODUCT AND PROGRAM MANAGEMENT > Portfolio Management > Portfolio Management > Portfolio Management > Manager > Portfolio Director
POS-0342,DEP-16,"RESEARCH, APPLIED AND DATA SCIENCES",Data Science,Product Data Science,Product Data Science,Associate,ENTRY,Data Scientist,Associate - Data Scientist,False,"RESEARCH, APPLIED AND DATA SCIENCES > Data Science > Product Data Science > Product Data Science > Associate > Data Scientist"
POS-0343,DEP-16,"RESEARCH, APPLIED AND DATA SCIENCES",Data Science,Product Data Science,Product Data Science,Lead,MID,Senior Data Scientist,Lead - Senior Data Scientist,False,"RESEARCH, APPLIED AND DATA SCIENCES > Data Science > Product Data Science > Product Data Science > Lead > Senior Data Scientist"
POS-0344,DEP-16,"RESEARCH, APPLIED AND DATA SCIENCES",Data Science,Product Data Science,Product Data Science,Manager,SENIOR,Principal Data Scientist,Manager - Principal Data Scientist,False,"RESEARCH, APPLIED AND DATA SCIENCES > Data Science > Product Data Science > Product Data Science > Manager > Principal Data Scientist"
POS-0345,DEP-16,"RESEARCH, APPLIED AND DATA SCIENCES",Data Science,Applied Data Science,Applied Data Science,Associate,ENTRY,Data Scientist,Associate - Data Scientist,False,"RESEARCH, APPLIED AND DATA SCIENCES > Data Science > Applied Data Science > Applied Data Science > Associate > Data Scientist"
POS-0346,DEP-16,"RESEARCH, APPLIED AND DATA SCIENCES",Data Science,Applied Data Science,Applied Data Science,Lead,MID,Senior Data Scientist,Lead - Senior Data Scientist,False,"RESEARCH, APPLIED AND DATA SCIENCES > Data Science > Applied Data Science > Applied Data Science > Lead > Senior Data Scientist"
POS-0347,DEP-16,"RESEARCH, APPLIED AND DATA SCIENCES",Data Science,Applied Data Science,Applied Data Science,Manager,SENIOR,Principal Data Scientist,Manager - Principal Data Scientist,False,"RESEARCH, APPLIED AND DATA SCIENCES > Data Science > Applied Data Science > Applied Data Science > Manager > Principal Data Scientist"
POS-0348,DEP-16,"RESEARCH, APPLIED AND DATA SCIENCES",Artificial Intelligence,Machine Learning,Machine Learning,Associate,ENTRY,Machine Learning Engineer,Associate - Machine Learning Engineer,False,"RESEARCH, APPLIED AND DATA SCIENCES > Artificial Intelligence > Machine Learning > Machine Learning > Associate > Machine Learning Engineer"
POS-0349,DEP-16,"RESEARCH, APPLIED AND DATA SCIENCES",Artificial Intelligence,Machine Learning,Machine Learning,Lead,MID,Senior ML Engineer,Lead - Senior ML Engineer,False,"RESEARCH, APPLIED AND DATA SCIENCES > Artificial Intelligence > Machine Learning > Machine Learning > Lead > Senior ML Engineer"
POS-0350,DEP-16,"RESEARCH, APPLIED AND DATA SCIENCES",Artificial Intelligence,Machine Learning,Machine Learning,Manager,SENIOR,Principal ML Engineer,Manager - Principal ML Engineer,False,"RESEARCH, APPLIED AND DATA SCIENCES > Artificial Intelligence > Machine Learning > Machine Learning > Manager > Principal ML Engineer"
POS-0351,DEP-16,"RESEARCH, APPLIED AND DATA SCIENCES",Artificial Intelligence,Generative AI,Generative AI,Associate,ENTRY,AI Engineer,Associate - AI Engineer,False,"RESEARCH, APPLIED AND DATA SCIENCES > Artificial Intelligence > Generative AI > Generative AI > Associate > AI Engineer"
POS-0352,DEP-16,"RESEARCH, APPLIED AND DATA SCIENCES",Artificial Intelligence,Generative AI,Generative AI,Lead,MID,Senior AI Engineer,Lead - Senior AI Engineer,False,"RESEARCH, APPLIED AND DATA SCIENCES > Artificial Intelligence > Generative AI > Generative AI > Lead > Senior AI Engineer"
POS-0353,DEP-16,"RESEARCH, APPLIED AND DATA SCIENCES",Artificial Intelligence,Generative AI,Generative AI,Manager,SENIOR,Principal AI Engineer,Manager - Principal AI Engineer,False,"RESEARCH, APPLIED AND DATA SCIENCES > Artificial Intelligence > Generative AI > Generative AI > Manager > Principal AI Engineer"
POS-0354,DEP-16,"RESEARCH, APPLIED AND DATA SCIENCES",Artificial Intelligence,AI Research,AI Research,Associate,ENTRY,Research Scientist,Associate - Research Scientist,False,"RESEARCH, APPLIED AND DATA SCIENCES > Artificial Intelligence > AI Research > AI Research > Associate > Research Scientist"
POS-0355,DEP-16,"RESEARCH, APPLIED AND DATA SCIENCES",Artificial Intelligence,AI Research,AI Research,Lead,MID,Senior Research Scientist,Lead - Senior Research Scientist,False,"RESEARCH, APPLIED AND DATA SCIENCES > Artificial Intelligence > AI Research > AI Research > Lead > Senior Research Scientist"
POS-0356,DEP-16,"RESEARCH, APPLIED AND DATA SCIENCES",Artificial Intelligence,AI Research,AI Research,Manager,SENIOR,Principal Research Scientist,Manager - Principal Research Scientist,False,"RESEARCH, APPLIED AND DATA SCIENCES > Artificial Intelligence > AI Research > AI Research > Manager > Principal Research Scientist"
POS-0357,DEP-16,"RESEARCH, APPLIED AND DATA SCIENCES",Microsoft Research,Computer Science Research,Computer Science Research,Associate,ENTRY,Researcher,Associate - Researcher,False,"RESEARCH, APPLIED AND DATA SCIENCES > Microsoft Research > Computer Science Research > Computer Science Research > Associate > Researcher"
POS-0358,DEP-16,"RESEARCH, APPLIED AND DATA SCIENCES",Microsoft Research,Computer Science Research,Computer Science Research,Lead,MID,Senior Researcher,Lead - Senior Researcher,False,"RESEARCH, APPLIED AND DATA SCIENCES > Microsoft Research > Computer Science Research > Computer Science Research > Lead > Senior Researcher"
POS-0359,DEP-16,"RESEARCH, APPLIED AND DATA SCIENCES",Microsoft Research,Computer Science Research,Computer Science Research,Manager,SENIOR,Principal Researcher,Manager - Principal Researcher,False,"RESEARCH, APPLIED AND DATA SCIENCES > Microsoft Research > Computer Science Research > Computer Science Research > Manager > Principal Researcher"
POS-0360,DEP-16,"RESEARCH, APPLIED AND DATA SCIENCES",Microsoft Research,Applied Research,Applied Research,Associate,ENTRY,Applied Scientist,Associate - Applied Scientist,False,"RESEARCH, APPLIED AND DATA SCIENCES > Microsoft Research > Applied Research > Applied Research > Associate > Applied Scientist"
POS-0361,DEP-16,"RESEARCH, APPLIED AND DATA SCIENCES",Microsoft Research,Applied Research,Applied Research,Lead,MID,Senior Applied Scientist,Lead - Senior Applied Scientist,False,"RESEARCH, APPLIED AND DATA SCIENCES > Microsoft Research > Applied Research > Applied Research > Lead > Senior Applied Scientist"
POS-0362,DEP-16,"RESEARCH, APPLIED AND DATA SCIENCES",Microsoft Research,Applied Research,Applied Research,Manager,SENIOR,Principal Applied Scientist,Manager - Principal Applied Scientist,False,"RESEARCH, APPLIED AND DATA SCIENCES > Microsoft Research > Applied Research > Applied Research > Manager > Principal Applied Scientist"
POS-0363,DEP-16,"RESEARCH, APPLIED AND DATA SCIENCES",Quantum Software,Quantum Software,Quantum Software,Associate,ENTRY,Quantum Software Engineer,Associate - Quantum Software Engineer,False,"RESEARCH, APPLIED AND DATA SCIENCES > Quantum Software > Quantum Software > Quantum Software > Associate > Quantum Software Engineer"
POS-0364,DEP-16,"RESEARCH, APPLIED AND DATA SCIENCES",Quantum Software,Quantum Software,Quantum Software,Manager,SENIOR,Senior Quantum Software Engineer,Manager - Senior Quantum Software Engineer,False,"RESEARCH, APPLIED AND DATA SCIENCES > Quantum Software > Quantum Software > Quantum Software > Manager > Senior Quantum Software Engineer"
POS-0365,DEP-16,"RESEARCH, APPLIED AND DATA SCIENCES",Quantum Hardware,Quantum Hardware,Quantum Hardware,Associate,ENTRY,Quantum Hardware Engineer,Associate - Quantum Hardware Engineer,False,"RESEARCH, APPLIED AND DATA SCIENCES > Quantum Hardware > Quantum Hardware > Quantum Hardware > Associate > Quantum Hardware Engineer"
POS-0366,DEP-16,"RESEARCH, APPLIED AND DATA SCIENCES",Quantum Hardware,Quantum Hardware,Quantum Hardware,Manager,SENIOR,Senior Quantum Hardware Engineer,Manager - Senior Quantum Hardware Engineer,False,"RESEARCH, APPLIED AND DATA SCIENCES > Quantum Hardware > Quantum Hardware > Quantum Hardware > Manager > Senior Quantum Hardware Engineer"
POS-0367,DEP-16,"RESEARCH, APPLIED AND DATA SCIENCES",Quantum Research,Quantum Research,Quantum Research,Associate,ENTRY,Quantum Researcher,Associate - Quantum Researcher,False,"RESEARCH, APPLIED AND DATA SCIENCES > Quantum Research > Quantum Research > Quantum Research > Associate > Quantum Researcher"
POS-0368,DEP-16,"RESEARCH, APPLIED AND DATA SCIENCES",Quantum Research,Quantum Research,Quantum Research,Manager,SENIOR,Senior Quantum Researcher,Manager - Senior Quantum Researcher,False,"RESEARCH, APPLIED AND DATA SCIENCES > Quantum Research > Quantum Research > Quantum Research > Manager > Senior Quantum Researcher"
POS-0369,DEP-17,SALES,Enterprise Sales,Account Management,Account Management,Associate,ENTRY,Account Manager,Associate - Account Manager,False,SALES > Enterprise Sales > Account Management > Account Management > Associate > Account Manager
POS-0370,DEP-17,SALES,Enterprise Sales,Account Management,Account Management,Lead,MID,Senior Account Manager,Lead - Senior Account Manager,False,SALES > Enterprise Sales > Account Management > Account Management > Lead > Senior Account Manager
POS-0371,DEP-17,SALES,Enterprise Sales,Account Management,Account Management,Manager,SENIOR,Strategic Account Manager,Manager - Strategic Account Manager,False,SALES > Enterprise Sales > Account Management > Account Management > Manager > Strategic Account Manager
POS-0372,DEP-17,SALES,Enterprise Sales,Enterprise Accounts,Enterprise Accounts,Associate,ENTRY,Account Executive,Associate - Account Executive,False,SALES > Enterprise Sales > Enterprise Accounts > Enterprise Accounts > Associate > Account Executive
POS-0373,DEP-17,SALES,Enterprise Sales,Enterprise Accounts,Enterprise Accounts,Lead,MID,Senior Account Executive,Lead - Senior Account Executive,False,SALES > Enterprise Sales > Enterprise Accounts > Enterprise Accounts > Lead > Senior Account Executive
POS-0374,DEP-17,SALES,Enterprise Sales,Enterprise Accounts,Enterprise Accounts,Manager,SENIOR,Enterprise Account Executive,Manager - Enterprise Account Executive,False,SALES > Enterprise Sales > Enterprise Accounts > Enterprise Accounts > Manager > Enterprise Account Executive
POS-0375,DEP-17,SALES,Technology Sales,Cloud Sales,Cloud Sales,Associate,ENTRY,Cloud Sales Specialist,Associate - Cloud Sales Specialist,False,SALES > Technology Sales > Cloud Sales > Cloud Sales > Associate > Cloud Sales Specialist
POS-0376,DEP-17,SALES,Technology Sales,Cloud Sales,Cloud Sales,Lead,MID,Senior Cloud Sales Specialist,Lead - Senior Cloud Sales Specialist,False,SALES > Technology Sales > Cloud Sales > Cloud Sales > Lead > Senior Cloud Sales Specialist
POS-0377,DEP-17,SALES,Technology Sales,Cloud Sales,Cloud Sales,Manager,SENIOR,Cloud Sales Manager,Manager - Cloud Sales Manager,False,SALES > Technology Sales > Cloud Sales > Cloud Sales > Manager > Cloud Sales Manager
POS-0378,DEP-17,SALES,Technology Sales,Solution Sales,Solution Sales,Associate,ENTRY,Solution Specialist,Associate - Solution Specialist,False,SALES > Technology Sales > Solution Sales > Solution Sales > Associate > Solution Specialist
POS-0379,DEP-17,SALES,Technology Sales,Solution Sales,Solution Sales,Lead,MID,Senior Solution Specialist,Lead - Senior Solution Specialist,False,SALES > Technology Sales > Solution Sales > Solution Sales > Lead > Senior Solution Specialist
POS-0380,DEP-17,SALES,Technology Sales,Solution Sales,Solution Sales,Manager,SENIOR,Solution Sales Manager,Manager - Solution Sales Manager,False,SALES > Technology Sales > Solution Sales > Solution Sales > Manager > Solution Sales Manager
POS-0381,DEP-17,SALES,Digital Sales and Solutions,Digital Sales,Digital Sales,Associate,ENTRY,Digital Account Executive,Associate - Digital Account Executive,False,SALES > Digital Sales and Solutions > Digital Sales > Digital Sales > Associate > Digital Account Executive
POS-0382,DEP-17,SALES,Digital Sales and Solutions,Digital Sales,Digital Sales,Lead,MID,Senior Digital Account Executive,Lead - Senior Digital Account Executive,False,SALES > Digital Sales and Solutions > Digital Sales > Digital Sales > Lead > Senior Digital Account Executive
POS-0383,DEP-17,SALES,Digital Sales and Solutions,Digital Sales,Digital Sales,Manager,SENIOR,Digital Sales Manager,Manager - Digital Sales Manager,False,SALES > Digital Sales and Solutions > Digital Sales > Digital Sales > Manager > Digital Sales Manager
POS-0384,DEP-17,SALES,Digital Sales and Solutions,Digital Solutions,Digital Solutions,Associate,ENTRY,Solution Specialist,Associate - Solution Specialist,False,SALES > Digital Sales and Solutions > Digital Solutions > Digital Solutions > Associate > Solution Specialist
POS-0385,DEP-17,SALES,Digital Sales and Solutions,Digital Solutions,Digital Solutions,Manager,SENIOR,Senior Solution Specialist,Manager - Senior Solution Specialist,False,SALES > Digital Sales and Solutions > Digital Solutions > Digital Solutions > Manager > Senior Solution Specialist
POS-0386,DEP-17,SALES,Partner Sales,Partner Development,Partner Development,Associate,ENTRY,Partner Development Manager,Associate - Partner Development Manager,False,SALES > Partner Sales > Partner Development > Partner Development > Associate > Partner Development Manager
POS-0387,DEP-17,SALES,Partner Sales,Partner Development,Partner Development,Lead,MID,Senior Partner Development Manager,Lead - Senior Partner Development Manager,False,SALES > Partner Sales > Partner Development > Partner Development > Lead > Senior Partner Development Manager
POS-0388,DEP-17,SALES,Partner Sales,Partner Development,Partner Development,Manager,SENIOR,Partner Director,Manager - Partner Director,False,SALES > Partner Sales > Partner Development > Partner Development > Manager > Partner Director
POS-0389,DEP-17,SALES,Partner Sales,Channel Sales,Channel Sales,Associate,ENTRY,Channel Manager,Associate - Channel Manager,False,SALES > Partner Sales > Channel Sales > Channel Sales > Associate > Channel Manager
POS-0390,DEP-17,SALES,Partner Sales,Channel Sales,Channel Sales,Manager,SENIOR,Channel Sales Director,Manager - Channel Sales Director,False,SALES > Partner Sales > Channel Sales > Channel Sales > Manager > Channel Sales Director
POS-0391,DEP-17,SALES,Sales Training,Sales Training,Sales Training,Associate,ENTRY,Sales Enablement Specialist,Associate - Sales Enablement Specialist,False,SALES > Sales Training > Sales Training > Sales Training > Associate > Sales Enablement Specialist
POS-0392,DEP-17,SALES,Sales Training,Sales Training,Sales Training,Lead,MID,Senior Sales Enablement Specialist,Lead - Senior Sales Enablement Specialist,False,SALES > Sales Training > Sales Training > Sales Training > Lead > Senior Sales Enablement Specialist
POS-0393,DEP-17,SALES,Sales Training,Sales Training,Sales Training,Manager,SENIOR,Sales Enablement Manager,Manager - Sales Enablement Manager,False,SALES > Sales Training > Sales Training > Sales Training > Manager > Sales Enablement Manager
POS-0394,DEP-17,SALES,Sales Operations,Sales Operations,Sales Operations,Associate,ENTRY,Sales Operations Analyst,Associate - Sales Operations Analyst,False,SALES > Sales Operations > Sales Operations > Sales Operations > Associate > Sales Operations Analyst
POS-0395,DEP-17,SALES,Sales Operations,Sales Operations,Sales Operations,Lead,MID,Sales Operations Manager,Lead - Sales Operations Manager,False,SALES > Sales Operations > Sales Operations > Sales Operations > Lead > Sales Operations Manager
POS-0396,DEP-17,SALES,Sales Operations,Sales Operations,Sales Operations,Manager,SENIOR,Sales Operations Director,Manager - Sales Operations Director,False,SALES > Sales Operations > Sales Operations > Sales Operations > Manager > Sales Operations Director
POS-0397,DEP-18,SECURITY ENGINEERING,Cybersecurity Engineering,Security Software,Security Software,Associate,ENTRY,Security Engineer,Associate - Security Engineer,False,SECURITY ENGINEERING > Cybersecurity Engineering > Security Software > Security Software > Associate > Security Engineer
POS-0398,DEP-18,SECURITY ENGINEERING,Cybersecurity Engineering,Security Software,Security Software,Lead,MID,Senior Security Engineer,Lead - Senior Security Engineer,False,SECURITY ENGINEERING > Cybersecurity Engineering > Security Software > Security Software > Lead > Senior Security Engineer
POS-0399,DEP-18,SECURITY ENGINEERING,Cybersecurity Engineering,Security Software,Security Software,Manager,SENIOR,Principal Security Engineer,Manager - Principal Security Engineer,False,SECURITY ENGINEERING > Cybersecurity Engineering > Security Software > Security Software > Manager > Principal Security Engineer
POS-0400,DEP-18,SECURITY ENGINEERING,Cybersecurity Engineering,Cloud Security,Cloud Security,Associate,ENTRY,Cloud Security Engineer,Associate - Cloud Security Engineer,False,SECURITY ENGINEERING > Cybersecurity Engineering > Cloud Security > Cloud Security > Associate > Cloud Security Engineer
POS-0401,DEP-18,SECURITY ENGINEERING,Cybersecurity Engineering,Cloud Security,Cloud Security,Lead,MID,Senior Cloud Security Engineer,Lead - Senior Cloud Security Engineer,False,SECURITY ENGINEERING > Cybersecurity Engineering > Cloud Security > Cloud Security > Lead > Senior Cloud Security Engineer
POS-0402,DEP-18,SECURITY ENGINEERING,Cybersecurity Engineering,Cloud Security,Cloud Security,Manager,SENIOR,Principal Cloud Security Engineer,Manager - Principal Cloud Security Engineer,False,SECURITY ENGINEERING > Cybersecurity Engineering > Cloud Security > Cloud Security > Manager > Principal Cloud Security Engineer
POS-0403,DEP-18,SECURITY ENGINEERING,Cybersecurity Engineering,Application Security,Application Security,Associate,ENTRY,Application Security Engineer,Associate - Application Security Engineer,False,SECURITY ENGINEERING > Cybersecurity Engineering > Application Security > Application Security > Associate > Application Security Engineer
POS-0404,DEP-18,SECURITY ENGINEERING,Cybersecurity Engineering,Application Security,Application Security,Lead,MID,Senior Application Security Engineer,Lead - Senior Application Security Engineer,False,SECURITY ENGINEERING > Cybersecurity Engineering > Application Security > Application Security > Lead > Senior Application Security Engineer
POS-0405,DEP-18,SECURITY ENGINEERING,Cybersecurity Engineering,Application Security,Application Security,Manager,SENIOR,Principal Application Security Engineer,Manager - Principal Application Security Engineer,False,SECURITY ENGINEERING > Cybersecurity Engineering > Application Security > Application Security > Manager > Principal Application Security Engineer
POS-0406,DEP-18,SECURITY ENGINEERING,Security Operations,Threat Detection,Threat Detection,Associate,ENTRY,Security Analyst,Associate - Security Analyst,False,SECURITY ENGINEERING > Security Operations > Threat Detection > Threat Detection > Associate > Security Analyst
POS-0407,DEP-18,SECURITY ENGINEERING,Security Operations,Threat Detection,Threat Detection,Lead,MID,Senior Security Analyst,Lead - Senior Security Analyst,False,SECURITY ENGINEERING > Security Operations > Threat Detection > Threat Detection > Lead > Senior Security Analyst
POS-0408,DEP-18,SECURITY ENGINEERING,Security Operations,Threat Detection,Threat Detection,Manager,SENIOR,Security Operations Manager,Manager - Security Operations Manager,False,SECURITY ENGINEERING > Security Operations > Threat Detection > Threat Detection > Manager > Security Operations Manager
POS-0409,DEP-18,SECURITY ENGINEERING,Security Operations,Incident Response,Incident Response,Associate,ENTRY,Incident Response Analyst,Associate - Incident Response Analyst,False,SECURITY ENGINEERING > Security Operations > Incident Response > Incident Response > Associate > Incident Response Analyst
POS-0410,DEP-18,SECURITY ENGINEERING,Security Operations,Incident Response,Incident Response,Lead,MID,Senior Incident Response Analyst,Lead - Senior Incident Response Analyst,False,SECURITY ENGINEERING > Security Operations > Incident Response > Incident Response > Lead > Senior Incident Response Analyst
POS-0411,DEP-18,SECURITY ENGINEERING,Security Operations,Incident Response,Incident Response,Manager,SENIOR,Incident Response Manager,Manager - Incident Response Manager,False,SECURITY ENGINEERING > Security Operations > Incident Response > Incident Response > Manager > Incident Response Manager
POS-0412,DEP-18,SECURITY ENGINEERING,Threat Intelligence,Threat Research,Threat Research,Associate,ENTRY,Threat Researcher,Associate - Threat Researcher,False,SECURITY ENGINEERING > Threat Intelligence > Threat Research > Threat Research > Associate > Threat Researcher
POS-0413,DEP-18,SECURITY ENGINEERING,Threat Intelligence,Threat Research,Threat Research,Lead,MID,Senior Threat Researcher,Lead - Senior Threat Researcher,False,SECURITY ENGINEERING > Threat Intelligence > Threat Research > Threat Research > Lead > Senior Threat Researcher
POS-0414,DEP-18,SECURITY ENGINEERING,Threat Intelligence,Threat Research,Threat Research,Manager,SENIOR,Principal Threat Researcher,Manager - Principal Threat Researcher,False,SECURITY ENGINEERING > Threat Intelligence > Threat Research > Threat Research > Manager > Principal Threat Researcher
POS-0415,DEP-18,SECURITY ENGINEERING,Threat Intelligence,Threat Hunting,Threat Hunting,Associate,ENTRY,Threat Hunter,Associate - Threat Hunter,False,SECURITY ENGINEERING > Threat Intelligence > Threat Hunting > Threat Hunting > Associate > Threat Hunter
POS-0416,DEP-18,SECURITY ENGINEERING,Threat Intelligence,Threat Hunting,Threat Hunting,Lead,MID,Senior Threat Hunter,Lead - Senior Threat Hunter,False,SECURITY ENGINEERING > Threat Intelligence > Threat Hunting > Threat Hunting > Lead > Senior Threat Hunter
POS-0417,DEP-18,SECURITY ENGINEERING,Threat Intelligence,Threat Hunting,Threat Hunting,Manager,SENIOR,Principal Threat Hunter,Manager - Principal Threat Hunter,False,SECURITY ENGINEERING > Threat Intelligence > Threat Hunting > Threat Hunting > Manager > Principal Threat Hunter
POS-0418,DEP-18,SECURITY ENGINEERING,Security Research,Security Research,Security Research,Associate,ENTRY,Security Researcher,Associate - Security Researcher,False,SECURITY ENGINEERING > Security Research > Security Research > Security Research > Associate > Security Researcher
POS-0419,DEP-18,SECURITY ENGINEERING,Security Research,Security Research,Security Research,Lead,MID,Senior Security Researcher,Lead - Senior Security Researcher,False,SECURITY ENGINEERING > Security Research > Security Research > Security Research > Lead > Senior Security Researcher
POS-0420,DEP-18,SECURITY ENGINEERING,Security Research,Security Research,Security Research,Manager,SENIOR,Principal Security Researcher,Manager - Principal Security Researcher,False,SECURITY ENGINEERING > Security Research > Security Research > Security Research > Manager > Principal Security Researcher
POS-0421,DEP-18,SECURITY ENGINEERING,Security Data Science,Security Data Science,Security Data Science,Associate,ENTRY,Security Data Scientist,Associate - Security Data Scientist,False,SECURITY ENGINEERING > Security Data Science > Security Data Science > Security Data Science > Associate > Security Data Scientist
POS-0422,DEP-18,SECURITY ENGINEERING,Security Data Science,Security Data Science,Security Data Science,Lead,MID,Senior Security Data Scientist,Lead - Senior Security Data Scientist,False,SECURITY ENGINEERING > Security Data Science > Security Data Science > Security Data Science > Lead > Senior Security Data Scientist
POS-0423,DEP-18,SECURITY ENGINEERING,Security Data Science,Security Data Science,Security Data Science,Manager,SENIOR,Principal Security Data Scientist,Manager - Principal Security Data Scientist,False,SECURITY ENGINEERING > Security Data Science > Security Data Science > Security Data Science > Manager > Principal Security Data Scientist
